experience_level,employee_residence,log_salary_in_usd
MI,IN,4.597859660262605
MI,IN,4.441082135962598
MI,CA,5.903089986991944
EN,MX,5.888740960682893
SE,US,5.8750612633917
MI,US,5.8750612633917
SE,US,5.8750612633917
MI,US,5.8750612633917
MI,US,5.857332496431268
SE,US,5.857332496431268
MI,US,5.857332496431268
SE,US,5.857332496431268
SE,US,5.857332496431268
MI,US,5.857332496431268
MI,US,5.857332496431268
MI,US,5.857332496431268
SE,US,5.778151250383644
SE,US,5.778151250383644
SE,US,5.778151250383644
SE,US,5.740362689494244
SE,US,5.740362689494244
MI,US,5.724275869600789
SE,US,5.698970004336019
SE,US,5.698970004336019
SE,US,5.684845361644412
SE,US,5.653212513775344
SE,US,5.652246341003323
EX,US,5.6512780139981444
MI,US,5.643452676486188
MI,US,5.643452676486188
MI,US,5.643452676486188
MI,US,5.643452676486188
SE,US,5.643452676486188
MI,US,5.643452676486188
MI,US,5.643452676486188
SE,US,5.643452676486188
MI,US,5.643452676486188
MI,US,5.643452676486188
SE,US,5.643452676486188
SE,US,5.643452676486188
SE,US,5.643452676486188
SE,US,5.643452676486188
EX,US,5.6414741105041
SE,US,5.6211762817750355
SE,US,5.6211762817750355
SE,US,5.617000341120899
SE,US,5.617000341120899
EX,US,5.611192060868435
SE,US,5.6020599913279625
MI,US,5.6020599913279625
SE,US,5.600864036309839
SE,US,5.600864036309839
SE,US,5.586699801624049
MI,US,5.585460729508501
SE,US,5.585460729508501
SE,US,5.585460729508501
MI,US,5.585460729508501
SE,US,5.582427017512738
EX,US,5.5814945422908995
SE,US,5.5814945422908995
EX,US,5.571708831808688
SE,US,5.562411832949728
SE,US,5.559906625036112
SE,US,5.559906625036112
SE,US,5.556302500767287
MI,US,5.556302500767287
MI,US,5.555578072772955
MI,US,5.555578072772955
SE,US,5.555300054669641
SE,US,5.553761698390004
SE,US,5.53832233323144
SE,US,5.53832233323144
SE,US,5.53832233323144
SE,US,5.537819095073274
SE,US,5.534533756005116
SE,US,5.531478917042255
SE,US,5.531478917042255
SE,US,5.530519856331774
SE,US,5.528016341189201
SE,US,5.528016341189201
SE,US,5.528016341189201
SE,US,5.528016341189201
EX,CA,5.523843977079961
SE,US,5.5230958382525674
SE,US,5.5230958382525674
SE,US,5.5230958382525674
SE,US,5.5230958382525674
SE,US,5.520666906472944
SE,US,5.520666906472944
SE,US,5.520666906472944
SE,US,5.520666906472944
SE,US,5.520210948716841
SE,CA,5.517459826540232
MI,US,5.515873843711679
EX,US,5.513217600067939
MI,US,5.511883360978874
SE,US,5.51067903103221
SE,US,5.510545010206612
SE,US,5.510545010206612
SE,US,5.510545010206612
SE,US,5.510545010206612
SE,US,5.510545010206612
SE,US,5.510545010206612
SE,US,5.510545010206612
SE,US,5.510545010206612
SE,US,5.510545010206612
SE,US,5.510545010206612
EX,US,5.510142699402573
SE,US,5.509605704611556
SE,US,5.507855871695831
SE,US,5.507855871695831
SE,US,5.507855871695831
MI,US,5.5076265252421415
SE,US,5.506505032404872
SE,US,5.506505032404872
EX,US,5.505149978319906
SE,US,5.501059262217751
SE,US,5.5009222391903005
SE,US,5.498310553789601
SE,US,5.497067936398505
EX,CA,5.496929648073215
SE,US,5.495544337546448
SE,US,5.495544337546448
EX,US,5.494553905633412
SE,US,5.491739785689497
SE,US,5.491361693834273
SE,US,5.491361693834273
SE,US,5.491361693834273
SE,US,5.491361693834273
MI,US,5.491361693834273
SE,US,5.489958479424835
SE,US,5.489958479424835
SE,US,5.489958479424835
MI,US,5.488550716500444
SE,US,5.487279816443069
SE,US,5.48394371429042
SE,US,5.48394371429042
SE,US,5.482015576450712
SE,US,5.482015576450712
SE,CA,5.482015576450712
SE,US,5.482015576450712
SE,US,5.481514288346029
SE,US,5.4812132375122085
SE,US,5.477121254719663
EX,US,5.477121254719663
SE,US,5.477121254719663
MI,US,5.477121254719663
EN,US,5.477121254719663
EN,US,5.477121254719663
EN,US,5.477121254719663
EX,US,5.477121254719663
EX,US,5.477121254719663
SE,GB,5.477121254719663
EX,US,5.477121254719663
SE,US,5.477121254719663
SE,US,5.477121254719663
SE,US,5.477121254719663
EX,US,5.477121254719663
SE,US,5.477121254719663
SE,US,5.477121254719663
SE,US,5.476820039445511
SE,US,5.472756449317212
SE,US,5.472756449317212
SE,US,5.472756449317212
SE,US,5.472727202912817
SE,US,5.471878199307291
SE,US,5.471438407389299
SE,US,5.470542788031808
MI,US,5.469822015978163
MI,US,5.469822015978163
SE,US,5.469822015978163
MI,US,5.469822015978163
MI,US,5.469822015978163
MI,US,5.469822015978163
MI,US,5.469822015978163
SE,US,5.469822015978163
SE,US,5.469822015978163
SE,US,5.468347330412158
EN,US,5.4652340949880145
SE,US,5.4623979978989565
EX,US,5.4623979978989565
SE,US,5.4623979978989565
SE,US,5.4623979978989565
SE,US,5.4623979978989565
EX,US,5.4623979978989565
SE,US,5.460897842756548
EX,US,5.459995256047391
SE,US,5.459995256047391
MI,US,5.4590907896005865
MI,US,5.4590907896005865
SE,US,5.458637849025649
SE,US,5.458637849025649
EX,US,5.4571246263034086
SE,US,5.456366033129043
SE,US,5.4558646347875275
SE,US,5.455149521179828
SE,US,5.45484486000851
SE,CH,5.509598987973136
SE,US,5.453929592057729
SE,US,5.453929592057729
SE,US,5.453012391121455
SE,US,5.453012391121455
SE,US,5.453012391121455
SE,US,5.4529817843712465
SE,US,5.4529817843712465
SE,US,5.4529817843712465
SE,US,5.4529817843712465
SE,US,5.4529817843712465
SE,US,5.452553063228925
SE,US,5.450249108319361
SE,US,5.450249108319361
SE,US,5.447158031342219
SE,US,5.447158031342219
SE,US,5.447158031342219
MI,US,5.447158031342219
MI,US,5.447158031342219
MI,US,5.447158031342219
SE,US,5.445604203273597
SE,US,5.445292769425972
SE,US,5.445136968713304
SE,US,5.445136968713304
SE,US,5.445136968713304
SE,US,5.445136968713304
SE,US,5.445136968713304
SE,US,5.445136968713304
SE,US,5.445136968713304
SE,US,5.445136968713304
SE,US,5.445136968713304
SE,US,5.445136968713304
SE,US,5.442479769064448
SE,US,5.442479769064448
SE,US,5.442479769064448
SE,US,5.442479769064448
SE,US,5.440909082065217
SE,US,5.440909082065217
SE,US,5.440909082065217
SE,US,5.440909082065217
MI,US,5.440909082065217
SE,US,5.440909082065217
SE,US,5.439332693830263
SE,CA,5.325332958543564
SE,US,5.437750562820388
SE,US,5.43695733066945
SE,US,5.43568513794163
SE,US,5.435207103240748
SE,US,5.432006687269598
MI,US,5.431765702625348
SE,US,5.431765702625348
SE,US,5.431765702625348
SE,US,5.431363764158987
SE,US,5.431363764158987
SE,AU,5.431363764158987
SE,US,5.431363764158987
SE,US,5.429913697763754
SE,CA,5.429752280002408
SE,US,5.4292676664331685
EX,CA,5.428944290035575
SE,US,5.4279727136082085
SE,US,5.4279727136082085
EX,US,5.427323786357247
MI,US,5.426673888021373
SE,US,5.426307892369099
SE,US,5.426307892369099
SE,US,5.425667879161146
SE,US,5.424881636631067
SE,US,5.423573519732735
EX,US,5.423245873936808
SE,US,5.420780619548565
MI,US,5.419955748489758
EX,US,5.419955748489758
SE,US,5.418746960340359
SE,US,5.416723697546734
SE,US,5.416307587059882
EN,US,5.4151403521958725
MI,US,5.4151403521958725
SE,US,5.414973347970818
SE,US,5.414973347970818
SE,US,5.414973347970818
MI,US,5.414973347970818
SE,US,5.414973347970818
SE,US,5.414973347970818
SE,US,5.414973347970818
SE,US,5.414973347970818
SE,US,5.414973347970818
SE,US,5.414973347970818
SE,US,5.414973347970818
SE,US,5.414973347970818
EX,US,5.414973347970818
SE,US,5.414973347970818
SE,US,5.414973347970818
SE,CA,5.414806279501013
EX,US,5.414722721158879
SE,US,5.414471949629303
SE,US,5.412964271996663
SE,US,5.412964271996663
SE,US,5.412830002562326
SE,US,5.412628520544375
EX,US,5.412460547429961
SE,US,5.412460547429961
SE,US,5.41237653650371
SE,US,5.411788004543869
SE,US,5.411788004543869
SE,US,5.411788004543869
MI,US,5.41161970596323
SE,US,5.410945858687774
EN,US,5.410608542568368
SE,US,5.410355383434471
SE,US,5.409933123331294
SE,US,5.408409578468429
SE,US,5.407900540142635
SE,US,5.407900540142635
SE,US,5.407900540142635
SE,US,5.407900540142635
SE,US,5.407900540142635
SE,US,5.407900540142635
SE,US,5.407900540142635
SE,US,5.407900540142635
SE,US,5.407900540142635
SE,US,5.407348407823904
SE,US,5.407348407823904
SE,US,5.4065401804339555
SE,US,5.4065401804339555
SE,US,5.4065401804339555
SE,US,5.405517106976376
EN,US,5.405295123042287
EN,US,5.405295123042287
SE,US,5.4048337166199385
SE,US,5.4038580235832425
SE,US,5.4038580235832425
SE,US,5.4038580235832425
EN,US,5.4031205211758175
SE,US,5.4031205211758175
SE,US,5.401400540781544
MI,US,5.401400540781544
MI,US,5.401400540781544
SE,US,5.401400540781544
SE,US,5.400106070428545
SE,US,5.399673721481038
MI,US,5.399500661314611
MI,US,5.399500661314611
SE,US,5.399500661314611
SE,US,5.399500661314611
SE,US,5.3993275321586784
SE,US,5.3993275321586784
MI,US,5.3979400086720375
MI,US,5.3979400086720375
MI,US,5.3979400086720375
SE,US,5.3979400086720375
MI,US,5.3979400086720375
SE,US,5.3979400086720375
SE,US,5.3979400086720375
SE,US,5.3979400086720375
SE,US,5.3979400086720375
SE,US,5.3979400086720375
MI,US,5.3979400086720375
SE,US,5.3979400086720375
SE,US,5.3979400086720375
EX,US,5.3979400086720375
SE,US,5.3979400086720375
SE,US,5.3979400086720375
SE,US,5.3979400086720375
MI,US,5.3979400086720375
SE,US,5.3979400086720375
SE,US,5.3979400086720375
SE,US,5.3979400086720375
EN,US,5.3979400086720375
MI,US,5.3979400086720375
SE,US,5.3979400086720375
SE,US,5.397418542351348
SE,US,5.395501124305626
SE,US,5.395501124305626
SE,US,5.39375064034808
MI,US,5.39375064034808
SE,US,5.39375064034808
SE,US,5.39375064034808
SE,US,5.39375064034808
SE,US,5.393575203269587
SE,US,5.393575203269587
SE,US,5.393575203269587
SE,US,5.393575203269587
SE,US,5.3932241163612975
SE,US,5.3932241163612975
SE,US,5.3932241163612975
SE,US,5.393136300269217
SE,US,5.393136300269217
EX,US,5.392696953259666
SE,US,5.3918169236132485
EX,US,5.391111613702803
SE,US,5.390935107103379
MI,US,5.390935107103379
MI,US,5.390935107103379
SE,US,5.390405156480081
SE,US,5.389874558390986
SE,US,5.389166084364533
SE,US,5.389166084364533
SE,US,5.389166084364533
EX,US,5.389166084364533
SE,US,5.389166084364533
SE,US,5.389166084364533
MI,US,5.389166084364533
SE,US,5.389166084364533
MI,US,5.389166084364533
MI,US,5.389166084364533
SE,US,5.389166084364533
SE,US,5.389166084364533
SE,US,5.389166084364533
SE,US,5.389166084364533
MI,US,5.389166084364533
MI,US,5.389166084364533
SE,US,5.388932034077522
SE,US,5.388811413473523
SE,FR,5.3881012015705165
SE,US,5.3870337012823635
MI,US,5.3870337012823635
MI,US,5.386498965550653
SE,US,5.386498965550653
EX,US,5.385606273598312
SE,US,5.385606273598312
MI,US,5.383994789441733
SE,US,5.383994789441733
SE,CA,5.269870039603281
SE,EG,5.383815365980431
SE,CA,5.383815365980431
SE,CA,5.269870039603281
SE,CA,5.269870039603281
SE,US,5.383815365980431
MI,US,5.381944954520606
MI,US,5.381944954520606
SE,US,5.381944954520606
SE,US,5.381115080709851
SE,US,5.381115080709851
SE,US,5.381115080709851
SE,GB,5.380573003066887
EX,US,5.380211241711606
MI,US,5.380211241711606
SE,FR,5.380211241711606
SE,US,5.380211241711606
SE,US,5.380211241711606
MI,US,5.380211241711606
MI,US,5.380211241711606
SE,US,5.380211241711606
SE,US,5.380211241711606
MI,US,5.380211241711606
SE,US,5.380211241711606
SE,US,5.380211241711606
MI,US,5.380211241711606
SE,US,5.380211241711606
SE,US,5.380211241711606
SE,US,5.380211241711606
SE,US,5.380211241711606
MI,US,5.380211241711606
SE,US,5.380211241711606
SE,US,5.380211241711606
SE,US,5.380211241711606
MI,US,5.379486813717274
MI,US,5.379486813717274
SE,US,5.378942698613438
SE,US,5.378942698613438
EX,US,5.377488383376133
EX,US,5.377488383376133
SE,US,5.377306251068199
SE,US,5.375937818630777
SE,US,5.375846436309156
SE,US,5.375846436309156
SE,US,5.375846436309156
SE,US,5.375663613960885
EX,US,5.375663613960885
SE,US,5.375114684692225
SE,US,5.375092713083399
MI,US,5.3747483460101035
SE,US,5.373647472209218
SE,US,5.372912002970106
EX,US,5.372912002970106
SE,US,5.372359582524323
SE,US,5.372322729498555
SE,US,5.372322729498555
MI,US,5.372322729498555
SE,US,5.371067862271736
SE,AU,5.371067862271736
MI,US,5.371067862271736
SE,US,5.371067862271736
SE,US,5.371067862271736
SE,US,5.371067862271736
SE,US,5.371067862271736
SE,CA,5.371067862271736
SE,US,5.370883016777606
SE,US,5.370513089598592
SE,US,5.370513089598592
SE,US,5.370513089598592
SE,US,5.3697722885969625
SE,US,5.369586890736344
SE,US,5.3692158574101425
EN,US,5.3692158574101425
SE,US,5.3692158574101425
SE,US,5.3692158574101425
SE,US,5.3692158574101425
SE,US,5.3692158574101425
SE,US,5.3692158574101425
SE,US,5.3692158574101425
SE,US,5.3692158574101425
SE,US,5.3692158574101425
SE,US,5.3692158574101425
SE,US,5.3692158574101425
SE,US,5.3692158574101425
SE,US,5.3692158574101425
SE,US,5.3692158574101425
SE,US,5.3692158574101425
SE,US,5.3692158574101425
SE,US,5.3692158574101425
SE,US,5.3692158574101425
SE,US,5.36891880234938
EX,US,5.368286884902131
SE,US,5.367728546086976
SE,US,5.367728546086976
EX,US,5.365487984890899
SE,US,5.365487984890899
SE,US,5.364738555055399
MI,US,5.36408174141107
SE,US,5.363611979892144
SE,US,5.363611979892144
SE,US,5.363230159371417
MI,US,5.361727836017593
SE,US,5.361727836017593
EX,US,5.361727836017593
EX,CA,5.361727836017593
SE,US,5.361727836017593
EX,US,5.361727836017593
SE,US,5.361727836017593
SE,US,5.361727836017593
SE,US,5.361727836017593
SE,US,5.361727836017593
SE,US,5.361727836017593
SE,US,5.361727836017593
SE,US,5.361727836017593
SE,US,5.361727836017593
SE,US,5.361727836017593
SE,US,5.361727836017593
MI,US,5.361727836017593
MI,US,5.361727836017593
SE,US,5.361727836017593
SE,US,5.361727836017593
SE,US,5.361727836017593
SE,US,5.361538971269279
SE,US,5.361538971269279
SE,US,5.361538971269279
MI,US,5.361538971269279
MI,US,5.361538971269279
SE,US,5.360534721155956
SE,US,5.359835482339888
SE,US,5.357363030615143
SE,US,5.356408327038981
SE,US,5.3560258571931225
SE,US,5.3560258571931225
MI,US,5.355727296710468
SE,US,5.355068206348851
SE,US,5.354108439147401
SE,US,5.354108439147401
SE,US,5.354108439147401
EX,US,5.352182518111363
EX,US,5.352182518111363
SE,US,5.352182518111363
SE,US,5.352182518111363
SE,US,5.352182518111363
SE,US,5.352182518111363
SE,US,5.352182518111363
SE,US,5.352182518111363
EX,US,5.352182518111363
SE,CA,5.352182518111363
SE,US,5.352182518111363
EX,US,5.352182518111363
SE,US,5.351796306897024
SE,US,5.3504418565350615
SE,US,5.350248018334163
MI,CA,5.350248018334163
SE,US,5.34966598409663
SE,US,5.34966598409663
MI,US,5.349471799214386
MI,US,5.348499570283837
MI,US,5.348499570283837
MI,US,5.348499570283837
MI,US,5.348304863048161
SE,US,5.346939462698991
MI,US,5.346744054604849
MI,US,5.346744054604849
MI,US,5.346744054604849
MI,US,5.346744054604849
MI,US,5.346744054604849
MI,US,5.346744054604849
MI,US,5.346744054604849
MI,US,5.346744054604849
MI,US,5.346744054604849
MI,US,5.346744054604849
MI,US,5.346744054604849
MI,US,5.346744054604849
MI,US,5.346744054604849
MI,US,5.346744054604849
MI,US,5.346744054604849
MI,US,5.346744054604849
SE,US,5.346352974450639
SE,US,5.3456285464563065
MI,US,5.345373730559088
SE,US,5.344392273685111
SE,US,5.344392273685111
SE,US,5.344392273685111
SE,US,5.344392273685111
EX,US,5.344392273685111
SE,US,5.344392273685111
SE,US,5.344392273685111
SE,US,5.343999069057161
SE,US,5.343605508104172
SE,US,5.342554923096734
SE,US,5.342422680822207
SE,US,5.342422680822207
SE,US,5.342422680822207
MI,US,5.342422680822207
EX,US,5.342422680822207
SE,CA,5.342422680822207
SE,US,5.342422680822207
SE,US,5.342422680822207
SE,US,5.342422680822207
SE,US,5.342422680822207
EX,US,5.342422680822207
EX,US,5.342422680822207
SE,CA,5.342422680822207
SE,US,5.342422680822207
SE,GB,5.342422680822207
SE,US,5.342422680822207
EX,US,5.342422680822207
MI,US,5.342422680822207
MI,US,5.342422680822207
SE,US,5.342422680822207
SE,US,5.342422680822207
SE,US,5.342422680822207
MI,US,5.342422680822207
SE,US,5.342422680822207
MI,US,5.342422680822207
MI,US,5.342422680822207
SE,US,5.342422680822207
EX,US,5.342422680822207
MI,US,5.342422680822207
SE,US,5.342422680822207
SE,US,5.342422680822207
SE,US,5.342422680822207
SE,US,5.342422680822207
EX,US,5.342422680822207
SE,US,5.342422680822207
SE,US,5.342422680822207
SE,US,5.342422680822207
SE,US,5.342422680822207
EX,US,5.341731207601339
EX,US,5.341731207601339
EX,US,5.341731207601339
EX,US,5.341731207601339
SE,US,5.341632335778054
SE,US,5.341632335778054
SE,US,5.340642377560705
EN,US,5.3404441148401185
SE,US,5.339948061694351
SE,US,5.339451441306441
SE,US,5.339451441306441
MI,US,5.338880620038239
SE,US,5.338880620038239
SE,US,5.338824889968395
SE,US,5.338456493604605
MI,US,5.338456493604605
SE,US,5.337475235046797
SE,US,5.337475235046797
SE,US,5.336059277866349
SE,US,5.335858911319818
SE,US,5.335858911319818
SE,CA,5.335858911319818
SE,US,5.335858911319818
SE,US,5.334453751150931
SE,US,5.334453751150931
SE,US,5.33344727449675
MI,US,5.33344727449675
SE,US,5.332438459915605
SE,US,5.332438459915605
SE,US,5.332438459915605
SE,CA,5.218493491626295
MI,US,5.332438459915605
MI,US,5.332438459915605
MI,AU,5.332438459915605
SE,CA,5.332438459915605
EX,US,5.332438459915605
SE,US,5.332438459915605
SE,US,5.332438459915605
SE,US,5.332438459915605
SE,US,5.332438459915605
SE,CA,5.218493491626295
SE,US,5.332438459915605
SE,CA,5.218493491626295
SE,US,5.332438459915605
SE,US,5.332438459915605
EX,US,5.332438459915605
SE,US,5.331427296520743
SE,US,5.331022171041829
MI,US,5.331022171041829
SE,US,5.330413773349191
MI,US,5.327971623623011
MI,US,5.327971623623011
MI,US,5.327971623623011
MI,US,5.327971623623011
MI,US,5.327971623623011
SE,US,5.327971623623011
MI,US,5.327971623623011
SE,US,5.327930804554236
SE,US,5.32735893438633
EX,US,5.32735893438633
SE,US,5.326335860928752
SE,US,5.326335860928752
SE,US,5.326335860928752
MI,US,5.326335860928752
SE,US,5.326335860928752
SE,US,5.326335860928752
SE,US,5.326335860928752
SE,US,5.326335860928752
MI,US,5.326335860928752
SE,US,5.326335860928752
SE,AU,5.326335860928752
MI,US,5.326335860928752
SE,US,5.326335860928752
MI,US,5.326335860928752
SE,US,5.326335860928752
SE,US,5.326335860928752
MI,EG,5.326335860928752
MI,EG,5.326335860928752
SE,EG,5.326335860928752
SE,US,5.326335860928752
SE,US,5.326335860928752
MI,US,5.326335860928752
EX,US,5.326335860928752
SE,US,5.326335860928752
SE,DE,5.326335860928752
SE,US,5.326335860928752
SE,EG,5.326335860928752
SE,US,5.326130956710794
MI,US,5.322426052405953
MI,US,5.322426052405953
MI,US,5.322426052405953
MI,US,5.322426052405953
MI,US,5.322426052405953
MI,US,5.322426052405953
MI,US,5.322426052405953
MI,US,5.322426052405953
MI,US,5.322426052405953
MI,US,5.322426052405953
MI,US,5.322426052405953
MI,US,5.322426052405953
SE,US,5.3222192947339195
SE,US,5.3222192947339195
MI,GB,5.3222192947339195
SE,US,5.3222192947339195
SE,US,5.3222192947339195
EX,US,5.3222192947339195
SE,US,5.3222192947339195
SE,US,5.3222192947339195
SE,US,5.3222192947339195
MI,US,5.3222192947339195
SE,US,5.3222192947339195
EX,US,5.3222192947339195
EX,US,5.3222192947339195
SE,US,5.3222192947339195
MI,US,5.3222192947339195
SE,US,5.3222192947339195
SE,US,5.3222192947339195
SE,US,5.3222192947339195
SE,US,5.3222192947339195
MI,US,5.3222192947339195
SE,US,5.3222192947339195
SE,US,5.3222192947339195
MI,US,5.3222192947339195
SE,US,5.3222192947339195
SE,US,5.3222192947339195
SE,US,5.3222192947339195
SE,US,5.3222192947339195
MI,US,5.3222192947339195
SE,CA,5.322198613551892
SE,US,5.322101398802231
EX,US,5.321598430465344
EX,US,5.321598430465344
EX,US,5.320787902807404
SE,US,5.320769228338686
SE,PL,5.320146286111054
MI,US,5.320146286111054
SE,US,5.319106059309776
SE,US,5.319106059309776
EX,US,5.318317990704637
SE,US,5.318063334962762
SE,US,5.318063334962762
SE,US,5.318063334962762
SE,US,5.318063334962762
SE,US,5.317854489331469
SE,US,5.317561936621246
MI,US,5.31722734917642
SE,US,5.316599302093861
SE,US,5.316599302093861
SE,US,5.316599302093861
SE,US,5.315970345456917
MI,US,5.315970345456917
MI,US,5.315970345456917
SE,US,5.315970345456917
MI,US,5.315970345456917
EX,US,5.315970345456917
SE,CA,5.315550534421905
SE,US,5.3149200559924195
SE,US,5.313867220369153
SE,US,5.313867220369153
SE,US,5.313867220369153
SE,US,5.313867220369153
MI,US,5.313867220369153
SE,US,5.313867220369153
SE,US,5.313867220369153
MI,US,5.313867220369153
SE,US,5.313867220369153
MI,US,5.313023110323238
MI,US,5.313023110323238
SE,US,5.312811826212088
MI,US,5.312811826212088
SE,US,5.312811826212088
SE,US,5.312600439261259
SE,US,5.311753861055754
SE,US,5.311753861055754
SE,US,5.311753861055754
SE,US,5.311329952303793
SE,US,5.311037213828565
SE,US,5.310905629376141
SE,US,5.310905629376141
SE,US,5.310693312343361
EX,US,5.310693312343361
EX,US,5.310693312343361
EX,US,5.310693312343361
SE,US,5.310268366632448
SE,US,5.310055737750892
SE,US,5.309630167425898
SE,US,5.309630167425898
SE,US,5.309630167425898
EX,US,5.309630167425898
SE,US,5.309630167425898
EX,US,5.309204179670408
MI,US,5.308564413561239
MI,US,5.308564413561239
SE,US,5.307496037913213
SE,US,5.307067950661298
SE,US,5.307067950661298
SE,US,5.307067950661298
SE,US,5.306639441024261
SE,US,5.306425027550687
SE,US,5.306103208727586
MI,US,5.305351369446623
SE,US,5.30513631894364
SE,US,5.30513631894364
MI,US,5.304167271724396
SE,US,5.304059466217599
SE,US,5.304059466217599
MI,US,5.304059466217599
SE,US,5.304059466217599
MI,US,5.304059466217599
MI,US,5.304059466217599
EX,CA,5.303196057420489
SE,US,5.303196057420489
SE,US,5.302763708472981
MI,US,5.302763708472981
SE,US,5.302763708472981
SE,US,5.302633919813779
SE,US,5.301897717195208
MI,US,5.301897717195208
SE,US,5.301897717195208
MI,US,5.301897717195208
MI,US,5.301680949293576
SE,US,5.3014640731433
SE,CA,5.301181972138315
EX,CA,5.301181972138315
SE,CA,5.301181972138315
SE,US,5.301029995663981
SE,US,5.301029995663981
EX,US,5.301029995663981
MI,US,5.301029995663981
SE,US,5.301029995663981
SE,US,5.301029995663981
SE,US,5.301029995663981
SE,US,5.301029995663981
MI,US,5.301029995663981
MI,US,5.301029995663981
MI,US,5.301029995663981
MI,US,5.301029995663981
SE,CA,5.301029995663981
SE,US,5.301029995663981
SE,US,5.301029995663981
MI,US,5.301029995663981
MI,US,5.301029995663981
MI,US,5.301029995663981
SE,US,5.301029995663981
MI,AU,5.301029995663981
MI,US,5.301029995663981
SE,US,5.301029995663981
SE,US,5.301029995663981
MI,US,5.301029995663981
EN,US,5.301029995663981
MI,NZ,5.096910013008056
SE,US,5.301029995663981
SE,US,5.301029995663981
MI,US,5.301029995663981
SE,US,5.301029995663981
SE,US,5.301029995663981
MI,US,5.301029995663981
SE,US,5.301029995663981
SE,US,5.301029995663981
SE,US,5.301029995663981
SE,US,5.301029995663981
SE,US,5.301029995663981
SE,US,5.301029995663981
SE,US,5.301029995663981
SE,US,5.301029995663981
SE,US,5.300378064870703
SE,US,5.300378064870703
SE,US,5.300378064870703
MI,US,5.300378064870703
SE,US,5.300378064870703
SE,US,5.299871055895632
SE,US,5.29928933408768
SE,US,5.29928933408768
SE,US,5.29907126002741
SE,US,5.298853076409706
SE,US,5.298634783124435
MI,US,5.298416380061295
SE,US,5.298088569391382
SE,US,5.297613898292621
SE,US,5.297103650149256
SE,US,5.296665190261531
MI,US,5.296665190261531
MI,US,5.296665190261531
SE,US,5.296665190261531
EN,US,5.296665190261531
SE,US,5.296665190261531
MI,US,5.296665190261531
MI,US,5.296665190261531
EN,US,5.296665190261531
SE,US,5.296665190261531
MI,US,5.296665190261531
SE,US,5.296665190261531
SE,US,5.296665190261531
SE,US,5.295567099962479
SE,US,5.294686624279443
SE,US,5.294490475430279
SE,US,5.294466226161593
MI,US,5.294466226161593
SE,US,5.294466226161593
SE,US,5.2938485157306605
SE,US,5.293030905606437
SE,US,5.293030905606437
SE,US,5.293030905606437
SE,US,5.293030905606437
SE,US,5.292256071356476
MI,US,5.292256071356476
SE,US,5.291590825658001
MI,US,5.291368850451582
SE,US,5.291146761731886
SE,US,5.291146761731886
MI,US,5.291146761731886
SE,US,5.291146761731886
SE,US,5.291146761731886
SE,US,5.291146761731886
EN,US,5.291146761731886
SE,US,5.291146761731886
MI,US,5.290479813330673
MI,US,5.290479813330673
SE,US,5.290034611362518
SE,US,5.290034611362518
SE,US,5.290034611362518
SE,US,5.290034611362518
SE,US,5.290034611362518
SE,US,5.290034611362518
SE,US,5.290034611362518
SE,US,5.290034611362518
SE,US,5.290034611362518
SE,US,5.290034611362518
EX,US,5.290034611362518
SE,US,5.290034611362518
SE,US,5.290034611362518
SE,US,5.290034611362518
SE,US,5.290034611362518
SE,US,5.290034611362518
SE,US,5.290034611362518
SE,US,5.290016793787513
SE,US,5.288919605661727
SE,US,5.288919605661727
MI,US,5.288919605661727
SE,US,5.288919605661727
SE,US,5.288919605661727
MI,US,5.288249225571986
SE,US,5.287942740810419
MI,US,5.2878017299302265
EN,US,5.28668096935493
MI,CA,5.2864834158282035
SE,US,5.285557309007774
SE,US,5.285557309007774
SE,US,5.285557309007774
SE,US,5.285557309007774
MI,US,5.285557309007774
SE,US,5.285061975935162
SE,US,5.2848817146554525
SE,US,5.2848817146554525
SE,US,5.2848817146554525
SE,US,5.2848817146554525
SE,US,5.28443073384452
SE,US,5.28443073384452
SE,US,5.28443073384452
EN,US,5.28443073384452
MI,US,5.28443073384452
SE,US,5.28443073384452
SE,US,5.28443073384452
EN,US,5.28397928423848
SE,US,5.283301228703549
SE,US,5.283301228703549
EX,US,5.282977649277956
SE,US,5.282977649277956
SE,US,5.282168778304642
SE,US,5.281739941809614
SE,US,5.281094755322554
SE,US,5.281094755322554
SE,US,5.2801228963023075
SE,CA,5.279894980011638
EX,US,5.279894980011638
SE,US,5.279666944048455
SE,US,5.279201379077763
SE,US,5.279201379077763
SE,US,5.278982116865443
SE,US,5.278753600952829
SE,US,5.278753600952829
SE,US,5.278753600952829
SE,US,5.278753600952829
MI,US,5.278753600952829
SE,US,5.278753600952829
SE,US,5.278753600952829
SE,US,5.278753600952829
SE,US,5.278753600952829
SE,US,5.278753600952829
SE,US,5.278753600952829
SE,US,5.278753600952829
EX,US,5.278753600952829
SE,US,5.278753600952829
SE,AU,5.278753600952829
MI,US,5.278753600952829
SE,US,5.278753600952829
SE,US,5.278753600952829
SE,CA,5.278753600952829
SE,US,5.278753600952829
SE,US,5.278753600952829
MI,US,5.278753600952829
MI,US,5.278753600952829
SE,US,5.278753600952829
SE,US,5.278753600952829
SE,US,5.278753600952829
SE,US,5.278753600952829
SE,US,5.278753600952829
SE,US,5.278753600952829
SE,US,5.278753600952829
SE,US,5.278753600952829
SE,US,5.278753600952829
SE,US,5.278753600952829
SE,US,5.278753600952829
SE,US,5.278753600952829
EX,US,5.278753600952829
SE,US,5.278753600952829
MI,US,5.278753600952829
MI,US,5.278753600952829
SE,US,5.277379974667254
SE,US,5.277288244921026
SE,US,5.276691528845039
MI,US,5.276461804173244
MI,US,5.276461804173244
SE,US,5.276461804173244
SE,US,5.276461804173244
SE,US,5.276461804173244
SE,US,5.275311354541811
MI,US,5.275311354541811
SE,US,5.275311354541811
MI,US,5.275311354541811
SE,US,5.275311354541811
MI,US,5.275311354541811
SE,US,5.27415784926368
SE,US,5.27415784926368
SE,US,5.27415784926368
SE,US,5.27415784926368
SE,US,5.273626206272959
EN,US,5.273001272063738
SE,US,5.273001272063738
SE,US,5.272700056789586
MI,CA,5.272305844402086
SE,CA,5.272224638590053
SE,US,5.272208395605392
SE,FR,5.271841606536499
MI,US,5.271841606536499
MI,US,5.271841606536499
SE,US,5.271841606536499
SE,US,5.271841606536499
SE,US,5.271841606536499
SE,US,5.271841606536499
MI,US,5.271841606536499
SE,US,5.271841606536499
SE,US,5.271841606536499
SE,US,5.271841606536499
MI,US,5.271483804906972
MI,US,5.271483804906972
SE,US,5.271269912545394
SE,US,5.269512944217916
SE,US,5.269512944217916
SE,US,5.269279389771898
SE,US,5.269279389771898
SE,US,5.269279389771898
SE,US,5.269279389771898
MI,US,5.269045709657623
SE,US,5.269045709657623
SE,US,5.269045709657623
EN,US,5.269045709657623
MI,US,5.269045709657623
SE,US,5.268343913951065
SE,US,5.268320501218538
SE,US,5.2681097298084785
SE,US,5.2681097298084785
SE,US,5.267171728403014
SE,US,5.267171728403014
SE,US,5.267171728403014
SE,US,5.267171728403014
SE,US,5.267171728403014
MI,US,5.267171728403014
MI,US,5.267171728403014
SE,US,5.267171728403014
SE,US,5.267171728403014
SE,US,5.267171728403014
SE,US,5.267171728403014
MI,US,5.267171728403014
SE,US,5.267171728403014
SE,US,5.267171728403014
SE,US,5.267171728403014
SE,US,5.267171728403014
SE,US,5.267171728403014
MI,US,5.267171728403014
SE,US,5.267171728403014
SE,US,5.267171728403014
SE,US,5.267171728403014
SE,US,5.267171728403014
SE,US,5.267171728403014
SE,US,5.266936911159173
SE,CA,5.266701966884088
MI,US,5.266701966884088
SE,US,5.266701966884088
SE,US,5.266466895440241
SE,US,5.266377534919286
EN,US,5.265242468633801
SE,US,5.264817823009537
SE,US,5.264817823009537
SE,US,5.264817823009537
MI,US,5.264817823009537
MI,US,5.264817823009537
SE,US,5.264817823009537
MI,US,5.264817823009537
EX,US,5.263399331334003
EX,US,5.263399331334003
SE,US,5.26245108973043
SE,US,5.26245108973043
SE,US,5.26245108973043
SE,US,5.26150077319828
SE,US,5.260071387985075
SE,US,5.260071387985075
SE,US,5.260071387985075
EX,US,5.260071387985075
EX,US,5.259832699063484
EN,US,5.259139758421019
MI,US,5.258349892519322
SE,US,5.257918450314058
SE,US,5.2576785748691846
SE,US,5.2576785748691846
SE,US,5.256958152560932
EN,US,5.256958152560932
SE,US,5.2564772062416765
SE,US,5.2564772062416765
SE,US,5.256236533205923
MI,US,5.2552725051033065
EX,US,5.2552725051033065
SE,US,5.2552725051033065
SE,US,5.2552725051033065
MI,US,5.2552725051033065
MI,US,5.2552725051033065
SE,US,5.2552725051033065
SE,US,5.2552725051033065
SE,US,5.2552725051033065
SE,CA,5.2552725051033065
SE,US,5.2552725051033065
SE,US,5.2552725051033065
SE,US,5.2552725051033065
SE,US,5.2552725051033065
MI,US,5.2552725051033065
SE,US,5.2552725051033065
SE,US,5.2552725051033065
SE,US,5.2552725051033065
SE,US,5.2552725051033065
SE,US,5.2552725051033065
EX,US,5.2552725051033065
SE,US,5.2552725051033065
SE,US,5.2552725051033065
MI,US,5.2552725051033065
SE,US,5.2552725051033065
SE,US,5.2552725051033065
SE,CA,5.2552725051033065
SE,US,5.2552725051033065
SE,US,5.2552725051033065
SE,US,5.2552725051033065
MI,US,5.2552725051033065
MI,US,5.2552725051033065
SE,US,5.2552725051033065
MI,US,5.2552725051033065
EX,US,5.2552725051033065
MI,US,5.2552725051033065
SE,US,5.2552725051033065
SE,US,5.2552725051033065
SE,US,5.2552725051033065
SE,US,5.2552725051033065
MI,US,5.2552725051033065
SE,US,5.2552725051033065
MI,CA,5.2552725051033065
MI,US,5.2552725051033065
SE,US,5.2552725051033065
SE,US,5.2552725051033065
SE,US,5.2552725051033065
MI,US,5.2552725051033065
SE,US,5.2552725051033065
SE,US,5.2552725051033065
SE,US,5.2552725051033065
SE,US,5.2552725051033065
SE,US,5.2552725051033065
SE,US,5.2552725051033065
MI,US,5.2552725051033065
EX,US,5.2552725051033065
SE,US,5.2552725051033065
SE,US,5.2552725051033065
SE,US,5.2552725051033065
SE,US,5.2552725051033065
SE,US,5.2552725051033065
SE,US,5.2552725051033065
SE,US,5.2552725051033065
MI,US,5.255031163345551
SE,US,5.255031163345551
MI,US,5.254548077108974
EX,US,5.253338005326106
SE,US,5.252853030979893
SE,US,5.252853030979893
SE,US,5.252853030979893
SE,US,5.252853030979893
MI,US,5.252853030979893
SE,US,5.252853030979893
SE,US,5.252853030979893
MI,US,5.252853030979893
SE,US,5.252853030979893
MI,US,5.252853030979893
EN,US,5.252853030979893
MI,GB,5.252853030979893
MI,US,5.252853030979893
MI,US,5.252853030979893
MI,US,5.252853030979893
MI,US,5.252853030979893
EX,US,5.252853030979893
SE,US,5.252853030979893
SE,US,5.252853030979893
MI,US,5.252853030979893
MI,US,5.252853030979893
MI,US,5.252853030979893
MI,US,5.252853030979893
SE,US,5.252853030979893
SE,US,5.252853030979893
EN,US,5.252853030979893
EN,US,5.252853030979893
MI,US,5.252853030979893
MI,US,5.252853030979893
EX,US,5.252853030979893
EN,US,5.252853030979893
MI,US,5.252853030979893
MI,US,5.252853030979893
SE,US,5.251881454552527
SE,US,5.251881454552527
SE,US,5.251730665456164
SE,US,5.251638220448212
SE,US,5.251638220448212
MI,US,5.251029538523903
SE,US,5.251029538523903
SE,US,5.251029538523903
SE,US,5.250324837474196
SE,US,5.250324837474196
SE,US,5.249687427805301
EX,US,5.249198357391113
SE,US,5.248708735600918
SE,US,5.248708735600918
MI,US,5.2482185611900745
MI,US,5.247973266361806
SE,US,5.247973266361806
EX,US,5.247727832909723
EX,US,5.247727832909723
SE,US,5.247666452868366
SE,US,5.247236549506764
SE,US,5.247236549506764
SE,US,5.247236549506764
SE,US,5.2455126678141495
MI,US,5.2455126678141495
MI,US,5.2455126678141495
MI,US,5.2455126678141495
MI,US,5.2455126678141495
MI,US,5.2455126678141495
SE,US,5.2455126678141495
MI,US,5.2455126678141495
MI,US,5.2455126678141495
SE,US,5.2455126678141495
EX,US,5.244924985787863
EX,US,5.244924985787863
SE,US,5.244326610230636
SE,US,5.243286146083446
EN,US,5.243286146083446
EN,US,5.243286146083446
MI,US,5.243286146083446
SE,US,5.243038048686294
SE,US,5.243038048686294
SE,US,5.243038048686294
SE,US,5.243038048686294
SE,US,5.243038048686294
MI,US,5.243038048686294
EX,US,5.243038048686294
SE,US,5.243038048686294
SE,AU,5.243038048686294
SE,US,5.243038048686294
MI,US,5.243038048686294
SE,US,5.243038048686294
SE,US,5.243038048686294
SE,US,5.243038048686294
SE,US,5.243038048686294
SE,US,5.243038048686294
SE,US,5.243038048686294
SE,US,5.243038048686294
SE,US,5.243038048686294
SE,US,5.243038048686294
SE,US,5.243038048686294
SE,US,5.243038048686294
SE,US,5.243038048686294
SE,US,5.243038048686294
MI,US,5.243038048686294
SE,US,5.243038048686294
SE,US,5.243038048686294
SE,US,5.243038048686294
SE,US,5.243038048686294
MI,US,5.243038048686294
SE,US,5.243038048686294
SE,US,5.243038048686294
SE,US,5.243038048686294
SE,US,5.243038048686294
SE,US,5.243038048686294
SE,US,5.243038048686294
MI,US,5.241795431295198
SE,US,5.241795431295198
SE,US,5.241297387109993
MI,US,5.2405492482825995
MI,US,5.2405492482825995
SE,US,5.2405492482825995
SE,US,5.2405492482825995
SE,US,5.2405492482825995
SE,US,5.2405492482825995
SE,US,5.239049093140191
MI,US,5.239049093140191
SE,US,5.238046103128795
SE,US,5.238046103128795
SE,US,5.238046103128795
SE,US,5.238046103128795
SE,US,5.238046103128795
SE,US,5.238046103128795
SE,US,5.238046103128795
EN,US,5.237543738142874
SE,US,5.237543738142874
SE,US,5.237543738142874
SE,US,5.2372923375674585
SE,US,5.236789099409293
MI,US,5.236537261488694
MI,US,5.236033147117636
SE,US,5.236033147117636
MI,US,5.236033147117636
SE,US,5.236033147117636
MI,US,5.236033147117636
SE,US,5.236033147117636
SE,US,5.236033147117636
MI,US,5.23578087032756
SE,US,5.235528446907549
SE,US,5.235528446907549
MI,US,5.23506360412944
EN,US,5.2345172835126865
MI,US,5.2345172835126865
MI,US,5.233605219162272
SE,CA,5.23352912726862
SE,CA,5.23352912726862
SE,CA,5.23352912726862
MI,US,5.232996110392154
MI,US,5.232996110392154
SE,US,5.232996110392154
SE,US,5.232487866352987
SE,US,5.2322335211147335
MI,US,5.231469590430681
SE,US,5.23140586884273
MI,US,5.230959555748569
MI,US,5.230959555748569
MI,US,5.230959555748569
MI,US,5.230959555748569
MI,US,5.230959555748569
SE,US,5.230448921378274
MI,US,5.230448921378274
MI,US,5.230448921378274
MI,US,5.230448921378274
SE,US,5.230448921378274
SE,US,5.230448921378274
MI,US,5.230448921378274
SE,US,5.230448921378274
SE,US,5.230448921378274
SE,US,5.230448921378274
SE,US,5.230448921378274
MI,US,5.230448921378274
SE,US,5.230448921378274
MI,US,5.230448921378274
SE,US,5.230448921378274
MI,US,5.230448921378274
SE,US,5.230448921378274
EN,US,5.230448921378274
SE,US,5.230448921378274
MI,US,5.230448921378274
SE,US,5.230448921378274
SE,US,5.230448921378274
SE,US,5.230448921378274
EN,US,5.230448921378274
SE,US,5.230448921378274
MI,US,5.230448921378274
SE,US,5.230448921378274
MI,US,5.230448921378274
SE,US,5.230448921378274
SE,US,5.230448921378274
SE,US,5.230448921378274
SE,US,5.230448921378274
SE,US,5.230448921378274
SE,US,5.230448921378274
SE,US,5.230448921378274
MI,US,5.230448921378274
SE,US,5.230448921378274
SE,US,5.230448921378274
SE,US,5.230448921378274
SE,US,5.230448921378274
MI,US,5.230448921378274
SE,US,5.230448921378274
SE,US,5.230448921378274
SE,US,5.230448921378274
SE,US,5.230448921378274
SE,US,5.230448921378274
SE,US,5.230448921378274
SE,US,5.230448921378274
MI,US,5.230448921378274
SE,US,5.230448921378274
SE,US,5.230448921378274
SE,US,5.230448921378274
SE,US,5.230448921378274
SE,US,5.230448921378274
SE,US,5.230448921378274
MI,US,5.230448921378274
SE,US,5.230448921378274
SE,US,5.230193378869045
SE,NZ,5.229853274183897
SE,US,5.229681842317675
SE,US,5.228400358703005
SE,US,5.228400358703005
SE,US,5.227886704613674
EX,US,5.227511353140524
SE,US,5.227372442289636
SE,US,5.226857570288724
SE,US,5.226857570288724
SE,US,5.226599905207357
SE,US,5.225309281725863
MI,US,5.225309281725863
MI,US,5.225309281725863
MI,US,5.225309281725863
MI,US,5.225309281725863
SE,US,5.225309281725863
MI,US,5.225309281725863
MI,US,5.225309281725863
MI,US,5.224014811372864
MI,US,5.224014811372864
SE,US,5.224014811372864
MI,US,5.224014811372864
SE,US,5.223755453657241
SE,US,5.223236273102998
SE,US,5.223236273102998
SE,US,5.222716471147583
MI,US,5.222716471147583
MI,US,5.222716471147583
SE,US,5.221935599828005
SE,US,5.221935599828005
SE,US,5.221547244611573
SE,CA,5.107467755473903
MI,US,5.221056743333304
MI,US,5.221056743333304
SE,US,5.22104369052083
MI,US,5.220108088040055
MI,US,5.220108088040055
MI,US,5.220108088040055
EN,US,5.220108088040055
MI,US,5.220108088040055
MI,US,5.220108088040055
MI,US,5.220108088040055
MI,US,5.220108088040055
SE,US,5.220108088040055
MI,US,5.220108088040055
MI,US,5.220108088040055
MI,US,5.220108088040055
MI,US,5.220108088040055
MI,EG,5.220108088040055
EN,US,5.220108088040055
MI,US,5.220108088040055
MI,US,5.220108088040055
SE,US,5.220108088040055
SE,US,5.220108088040055
MI,US,5.220108088040055
MI,US,5.220108088040055
MI,US,5.220108088040055
SE,US,5.220108088040055
MI,US,5.220108088040055
MI,US,5.220108088040055
EN,US,5.220108088040055
MI,US,5.220108088040055
MI,US,5.220108088040055
MI,US,5.220108088040055
MI,US,5.220108088040055
MI,US,5.220108088040055
SE,US,5.2198463860243605
MI,US,5.219060332448861
MI,US,5.219060332448861
SE,US,5.219060332448861
MI,US,5.219060332448861
MI,US,5.218797998111738
SE,US,5.217747073262793
SE,US,5.217747073262793
SE,US,5.217747073262793
SE,US,5.217747073262793
SE,US,5.217747073262793
MI,US,5.217747073262793
SE,US,5.217747073262793
MI,US,5.217747073262793
SE,US,5.217747073262793
SE,US,5.217483944213907
SE,US,5.217483944213907
SE,US,5.217483944213907
SE,CA,5.217483944213907
MI,US,5.217483944213907
SE,US,5.217483944213907
SE,US,5.217483944213907
MI,US,5.217483944213907
MI,US,5.217483944213907
SE,US,5.217483944213907
SE,US,5.217483944213907
SE,US,5.217483944213907
SE,US,5.217483944213907
MI,US,5.217483944213907
MI,US,5.217483944213907
SE,AU,5.217483944213907
SE,US,5.217483944213907
MI,US,5.217483944213907
SE,US,5.217483944213907
MI,US,5.217483944213907
SE,US,5.217483944213907
MI,US,5.217483944213907
SE,US,5.217483944213907
SE,US,5.217483944213907
SE,US,5.217483944213907
SE,US,5.217483944213907
SE,US,5.217483944213907
SE,US,5.217483944213907
MI,US,5.217483944213907
SE,US,5.217483944213907
SE,US,5.217483944213907
SE,US,5.217483944213907
SE,US,5.217483944213907
MI,US,5.217088951479171
SE,US,5.217075778865637
MI,US,5.216957207361097
MI,US,5.216693599169754
SE,US,5.2165353574183575
SE,US,5.215637563435061
SE,US,5.214843848047698
MI,US,5.214843848047698
SE,US,5.214843848047698
SE,US,5.214843848047698
SE,US,5.214843848047698
SE,US,5.214843848047698
SE,US,5.214843848047698
SE,US,5.214843848047698
SE,US,5.214843848047698
SE,US,5.214843848047698
SE,US,5.214843848047698
SE,US,5.214843848047698
SE,CA,5.214843848047698
SE,US,5.214048679411942
EX,US,5.213517756996305
SE,US,5.212720154417842
SE,US,5.212187604403958
SE,US,5.212187604403958
EX,US,5.212187604403958
SE,US,5.212187604403958
SE,US,5.212187604403958
SE,US,5.21192108430851
SE,US,5.2117050830696545
EN,US,5.210157937653242
EN,US,5.210157937653242
EN,US,5.210157937653242
EN,US,5.210157937653242
SE,US,5.209515014542631
SE,US,5.209515014542631
SE,US,5.209515014542631
SE,US,5.209515014542631
SE,US,5.209515014542631
SE,US,5.209515014542631
MI,US,5.209515014542631
SE,US,5.209515014542631
SE,US,5.209515014542631
SE,US,5.209515014542631
MI,US,5.209515014542631
SE,US,5.209246848753374
MI,US,5.209179781425327
SE,US,5.208172526667122
SE,US,5.208172526667122
EX,US,5.207634367388962
EX,US,5.207634367388962
MI,US,5.207499723307305
MI,US,5.207499723307305
SE,US,5.20682587603185
SE,US,5.20682587603185
SE,US,5.206015876763344
MI,US,5.205420915676343
SE,US,5.204391331919299
MI,US,5.204119982655925
SE,US,5.204119982655925
EN,US,5.204119982655925
SE,US,5.204119982655925
MI,US,5.204119982655925
MI,US,5.204119982655925
SE,US,5.204119982655925
EN,US,5.204119982655925
SE,US,5.204119982655925
SE,US,5.204119982655925
SE,US,5.204119982655925
SE,US,5.204119982655925
SE,US,5.204119982655925
MI,US,5.204119982655925
SE,US,5.204119982655925
MI,US,5.204119982655925
MI,US,5.204119982655925
SE,US,5.204119982655925
SE,US,5.204119982655925
SE,US,5.204119982655925
SE,US,5.204119982655925
MI,US,5.204119982655925
EN,US,5.204119982655925
SE,US,5.204119982655925
SE,US,5.204119982655925
SE,US,5.204119982655925
EN,US,5.204119982655925
SE,US,5.204119982655925
EX,US,5.204119982655925
EX,US,5.204119982655925
MI,US,5.204119982655925
MI,US,5.204119982655925
SE,US,5.204119982655925
SE,US,5.204119982655925
SE,US,5.204119982655925
SE,US,5.204119982655925
MI,US,5.204119982655925
MI,US,5.204119982655925
SE,US,5.204119982655925
MI,US,5.204119982655925
SE,US,5.204119982655925
MI,US,5.204119982655925
SE,US,5.204119982655925
EX,US,5.204119982655925
SE,US,5.204119982655925
SE,US,5.204119982655925
MI,US,5.204119982655925
MI,US,5.204119982655925
SE,US,5.204119982655925
MI,US,5.204119982655925
MI,US,5.204119982655925
SE,US,5.204119982655925
SE,US,5.204119982655925
SE,US,5.204119982655925
SE,US,5.204119982655925
SE,US,5.204119982655925
SE,US,5.204119982655925
EN,US,5.203766974960574
SE,US,5.202215775801132
SE,US,5.202215775801132
SE,US,5.202215775801132
SE,US,5.202215775801132
SE,US,5.202215775801132
SE,US,5.202215775801132
SE,US,5.202215775801132
SE,US,5.202215775801132
SE,US,5.202215775801132
SE,US,5.202215775801132
SE,US,5.202215775801132
MI,US,5.202079441007388
SE,US,5.201397124320452
SE,US,5.201397124320452
SE,US,5.201397124320452
SE,CA,5.201397124320452
SE,US,5.201397124320452
MI,US,5.201397124320452
SE,US,5.201397124320452
MI,US,5.201397124320452
SE,US,5.201397124320452
SE,US,5.201397124320452
SE,US,5.201397124320452
SE,US,5.201397124320452
SE,US,5.200522191802113
SE,CA,5.20002926655377
SE,US,5.20002926655377
MI,US,5.20002926655377
SE,US,5.20001282607293
MI,US,5.198931869932209
EN,US,5.198931869932209
MI,US,5.198657086954422
EN,US,5.198657086954422
MI,US,5.198657086954422
MI,US,5.198657086954422
MI,US,5.198657086954422
EN,CA,5.198382130008294
EN,CA,5.198382130008294
SE,CA,5.198382130008294
MI,US,5.198382130008294
EN,CA,5.198382130008294
SE,US,5.1982445862282365
EN,US,5.197556213153536
EN,US,5.197556213153536
SE,US,5.19728055812562
SE,US,5.19728055812562
SE,US,5.19728055812562
SE,US,5.197214374876192
SE,US,5.196297803637806
SE,US,5.195899652409234
SE,US,5.194447735704447
MI,US,5.194375567482212
SE,US,5.194236748723829
SE,US,5.193958978019187
MI,CA,5.193681029541281
SE,US,5.193124598354461
SE,US,5.193124598354461
SE,US,5.193124598354461
SE,US,5.193124598354461
SE,US,5.193124598354461
SE,US,5.193124598354461
EN,US,5.193124598354461
SE,US,5.192051457070447
SE,US,5.192051457070447
SE,US,5.19200959265367
SE,US,5.190821754057435
SE,US,5.190331698170292
SE,US,5.190331698170292
SE,US,5.190331698170292
SE,US,5.190331698170292
SE,PL,5.190331698170292
EX,CA,5.190331698170292
SE,US,5.190331698170292
SE,US,5.190331698170292
SE,US,5.190331698170292
SE,US,5.190331698170292
MI,US,5.190331698170292
MI,US,5.190331698170292
SE,CA,5.190331698170292
SE,US,5.190331698170292
MI,US,5.190331698170292
SE,US,5.190331698170292
SE,US,5.190331698170292
SE,US,5.190331698170292
MI,US,5.190331698170292
SE,US,5.190331698170292
SE,US,5.190331698170292
SE,US,5.190331698170292
SE,US,5.190331698170292
SE,US,5.190331698170292
EN,US,5.189821452769453
MI,US,5.189770956346874
EN,US,5.189770956346874
MI,US,5.189770956346874
MI,US,5.188928483760853
SE,US,5.188647295999718
MI,GB,5.285557309007774
SE,US,5.188534769899359
SE,US,5.187802638718419
MI,US,5.187802638718419
SE,US,5.187520720836463
SE,US,5.187520720836463
SE,US,5.187520720836463
MI,US,5.187520720836463
SE,US,5.187520720836463
EN,US,5.187520720836463
MI,US,5.187520720836463
MI,US,5.187520720836463
SE,US,5.187238619831478
SE,US,5.187238619831478
SE,US,5.187238619831478
MI,US,5.186673867499745
SE,US,5.185825359612962
SE,US,5.185258765296585
SE,US,5.18480495701924
SE,US,5.18480495701924
MI,US,5.18480495701924
SE,US,5.184742521280795
SE,US,5.184691430817598
EN,US,5.184691430817598
EN,US,5.184691430817598
SE,US,5.184691430817598
MI,US,5.184691430817598
MI,US,5.184691430817598
SE,US,5.184691430817598
MI,US,5.184691430817598
SE,US,5.184691430817598
MI,US,5.184691430817598
SE,CA,5.184691430817598
SE,CA,5.184691430817598
MI,US,5.183554533618862
EN,US,5.183269843682805
SE,US,5.1829849670035815
SE,US,5.1829137186264385
SE,US,5.1829137186264385
SE,US,5.1829137186264385
SE,US,5.1829137186264385
SE,US,5.1829137186264385
MI,CA,5.181843587944773
SE,US,5.181843587944773
SE,US,5.181843587944773
MI,US,5.181843587944773
MI,US,5.181843587944773
SE,US,5.181843587944773
SE,US,5.181843587944773
SE,US,5.181843587944773
MI,US,5.181843587944773
MI,US,5.181843587944773
SE,US,5.181843587944773
SE,US,5.181557773862786
SE,US,5.181557773862786
SE,US,5.181557773862786
MI,US,5.181271771559461
SE,US,5.181271771559461
MI,US,5.181271771559461
SE,US,5.181271771559461
MI,US,5.181271771559461
SE,US,5.180699201296035
MI,US,5.1804126328383235
MI,US,5.1804126328383235
SE,US,5.1804126328383235
EN,US,5.17972409606009
MI,US,5.17897694729317
SE,US,5.17897694729317
SE,US,5.17897694729317
MI,US,5.17897694729317
SE,US,5.178674849395301
SE,US,5.178401341533755
EN,US,5.178113252314632
SE,US,5.178113252314632
SE,US,5.178113252314632
SE,CA,5.177536499929862
SE,US,5.176091259055681
EX,US,5.176091259055681
MI,US,5.176091259055681
MI,US,5.176091259055681
MI,CA,5.176091259055681
SE,US,5.176091259055681
SE,US,5.176091259055681
MI,US,5.176091259055681
EN,US,5.176091259055681
SE,US,5.176091259055681
EX,US,5.176091259055681
MI,US,5.176091259055681
MI,US,5.176091259055681
MI,US,5.176091259055681
SE,SA,5.176091259055681
MI,US,5.176091259055681
MI,US,5.176091259055681
MI,US,5.176091259055681
SE,US,5.176091259055681
EN,US,5.176091259055681
EN,US,5.176091259055681
EN,US,5.176091259055681
SE,US,5.176091259055681
EN,US,5.176091259055681
SE,US,5.176091259055681
MI,US,5.176091259055681
SE,US,5.176091259055681
SE,US,5.176091259055681
MI,US,5.176091259055681
SE,US,5.176091259055681
MI,US,5.176091259055681
SE,US,5.176091259055681
SE,US,5.176091259055681
SE,US,5.176091259055681
SE,US,5.176091259055681
SE,US,5.176091259055681
SE,US,5.176091259055681
EX,US,5.176091259055681
SE,US,5.176091259055681
MI,US,5.176091259055681
EX,US,5.176091259055681
EN,US,5.176091259055681
MI,US,5.176091259055681
SE,US,5.176091259055681
MI,US,5.176091259055681
SE,GB,5.176091259055681
MI,US,5.176091259055681
MI,US,5.176091259055681
EN,US,5.176091259055681
SE,US,5.176091259055681
SE,US,5.176091259055681
SE,US,5.176091259055681
MI,US,5.176091259055681
MI,US,5.176091259055681
MI,US,5.176091259055681
SE,US,5.176091259055681
SE,US,5.176091259055681
MI,US,5.176091259055681
MI,US,5.176091259055681
MI,US,5.176091259055681
SE,US,5.176091259055681
MI,US,5.176091259055681
MI,US,5.176091259055681
EX,US,5.176091259055681
SE,US,5.176091259055681
SE,US,5.176091259055681
SE,US,5.176091259055681
MI,DE,5.221847012434955
SE,US,5.176091259055681
SE,US,5.176091259055681
SE,US,5.176091259055681
EN,US,5.176091259055681
SE,US,5.176091259055681
SE,US,5.176091259055681
EN,US,5.176091259055681
SE,US,5.176091259055681
SE,US,5.176091259055681
MI,US,5.176091259055681
SE,US,5.176091259055681
SE,US,5.176091259055681
SE,US,5.176091259055681
SE,US,5.176091259055681
SE,US,5.175511813363448
SE,US,5.175511813363448
SE,US,5.175366831061349
SE,US,5.175366831061349
SE,US,5.174641192660449
SE,US,5.174059807725025
SE,US,5.17376882313665
SE,US,5.17376882313665
SE,US,5.173407731269665
MI,US,5.173186268412274
SE,DE,5.173186268412274
SE,US,5.173186268412274
SE,US,5.173186268412274
SE,US,5.173186268412274
SE,US,5.172456974400587
SE,US,5.172001273627119
SE,US,5.171726453653231
SE,US,5.171141151028382
MI,US,5.170555058521209
MI,US,5.170555058521209
SE,US,5.1702617153949575
SE,US,5.1702617153949575
SE,US,5.1702617153949575
MI,US,5.1702617153949575
SE,US,5.1702617153949575
SE,US,5.1702617153949575
SE,US,5.1702617153949575
SE,US,5.1702617153949575
MI,US,5.1702617153949575
MI,US,5.1702617153949575
MI,US,5.169968173996892
MI,US,5.169674434058807
SE,US,5.169292274879936
SE,US,5.169218744161391
SE,US,5.169086357487023
SE,US,5.168792020314182
SE,US,5.168792020314182
SE,US,5.168792020314182
SE,US,5.168792020314182
SE,US,5.168792020314182
MI,US,5.168497483523033
EN,US,5.1673173347481764
MI,US,5.1673173347481764
SE,US,5.1673173347481764
MI,US,5.1673173347481764
SE,US,5.167021795790257
SE,US,5.167021795790257
SE,US,5.167021795790257
SE,US,5.167021795790257
SE,US,5.167021795790257
SE,US,5.167021795790257
SE,US,5.167021795790257
SE,US,5.167021795790257
SE,US,5.167021795790257
SE,US,5.167021795790257
MI,US,5.166876908250737
SE,US,5.166726055580051
SE,US,5.165837624690128
SE,US,5.165143384714134
SE,US,5.165143384714134
SE,US,5.165143384714134
SE,US,5.165143384714134
MI,US,5.1647245241698965
MI,US,5.164650215934297
SE,US,5.164650215934297
MI,US,5.164650215934297
SE,US,5.164352855784437
EN,US,5.164352855784437
MI,US,5.164352855784437
SE,US,5.164352855784437
EN,US,5.164352855784437
SE,US,5.164352855784437
SE,US,5.164352855784437
SE,US,5.164352855784437
SE,US,5.164352855784437
SE,US,5.164352855784437
SE,US,5.164352855784437
SE,US,5.164352855784437
SE,US,5.164352855784437
SE,US,5.164352855784437
SE,US,5.164352855784437
SE,US,5.164352855784437
SE,US,5.164352855784437
SE,US,5.164352855784437
SE,US,5.164352855784437
SE,US,5.164352855784437
SE,US,5.164352855784437
SE,US,5.164352855784437
MI,CA,5.164352855784437
SE,US,5.163161374977018
MI,US,5.163101715043975
MI,US,5.162862993321926
SE,US,5.162564406523019
MI,US,5.162564406523019
SE,US,5.162564406523019
SE,US,5.162444914299978
SE,US,5.162444914299978
SE,US,5.16174223274663
MI,US,5.161667412437736
SE,US,5.161368002234975
SE,US,5.161368002234975
SE,US,5.161368002234975
MI,US,5.161368002234975
SE,US,5.161368002234975
EN,US,5.161368002234975
SE,US,5.161368002234975
SE,US,5.161368002234975
SE,US,5.161368002234975
SE,US,5.161368002234975
SE,US,5.161368002234975
MI,US,5.161368002234975
SE,US,5.161368002234975
SE,US,5.161368002234975
MI,US,5.161368002234975
SE,US,5.161368002234975
SE,US,5.161368002234975
SE,US,5.161368002234975
SE,US,5.161368002234975
SE,US,5.161368002234975
SE,US,5.161368002234975
MI,US,5.161368002234975
SE,US,5.161368002234975
SE,US,5.161368002234975
SE,US,5.161368002234975
SE,US,5.161068385471174
SE,US,5.1604685311190375
MI,US,5.160318437984002
EN,US,5.160318437984002
SE,US,5.160168292958512
SE,US,5.160168292958512
SE,US,5.160168292958512
SE,US,5.160168292958512
SE,US,5.159867847092567
SE,US,5.1592663310934945
SE,US,5.1592663310934945
EX,US,5.15896526038341
SE,US,5.15896526038341
SE,US,5.15896526038341
SE,US,5.15896526038341
EN,US,5.15896526038341
MI,US,5.15896526038341
SE,US,5.15896526038341
SE,US,5.158778491672432
SE,US,5.158362492095249
SE,US,5.158362492095249
EN,US,5.158362492095249
SE,US,5.158362492095249
SE,US,5.158362492095249
SE,US,5.158362492095249
SE,US,5.158362492095249
SE,US,5.157758886046864
SE,US,5.157758886046864
SE,US,5.157474901136959
SE,US,5.156851901070011
EX,CA,5.156237098303249
SE,US,5.155336037465061
MI,US,5.155336037465061
MI,US,5.155336037465061
SE,US,5.155336037465061
SE,US,5.155336037465061
SE,US,5.155336037465061
MI,US,5.153814864344529
MI,US,5.153814864344529
SE,AU,5.153814864344529
SE,US,5.15336357322419
MI,US,5.1525940779274695
MI,US,5.152294461163669
SE,US,5.152288344383057
SE,US,5.152288344383057
MI,CA,5.152288344383057
SE,US,5.152288344383057
EN,US,5.152288344383057
SE,US,5.151676230847047
SE,US,5.150372617933511
SE,US,5.150142161848558
SE,US,5.150142161848558
MI,US,5.150142161848558
SE,US,5.150142161848558
SE,US,5.150142161848558
SE,US,5.150142161848558
SE,US,5.14921911265538
SE,US,5.14921911265538
SE,US,5.14921911265538
MI,US,5.148910993109356
SE,US,5.148374343443015
MI,US,5.147367107793786
MI,US,5.147367107793786
SE,US,5.14705767102836
SE,US,5.146902869928199
MI,US,5.146902869928199
SE,US,5.146902869928199
MI,US,5.146902869928199
MI,US,5.146902869928199
SE,US,5.146902869928199
SE,US,5.1465311220074454
SE,US,5.146438135285774
SE,US,5.14622729164528
MI,US,5.146205581340778
MI,US,5.146128035678238
MI,CA,5.146128035678238
EN,US,5.146128035678238
EN,US,5.146128035678238
SE,US,5.146128035678238
SE,US,5.146128035678238
SE,US,5.146128035678238
MI,US,5.146128035678238
SE,US,5.146128035678238
SE,US,5.146128035678238
EN,US,5.146128035678238
SE,CA,5.146128035678238
MI,US,5.146128035678238
MI,US,5.146128035678238
MI,US,5.146128035678238
SE,US,5.146128035678238
SE,US,5.146128035678238
MI,US,5.146128035678238
SE,US,5.146128035678238
MI,US,5.146128035678238
SE,US,5.146128035678238
EN,US,5.146128035678238
EN,US,5.146128035678238
MI,US,5.146128035678238
SE,US,5.146128035678238
MI,US,5.146128035678238
SE,US,5.146128035678238
SE,US,5.146128035678238
MI,US,5.146128035678238
SE,US,5.146128035678238
SE,US,5.146128035678238
SE,US,5.146128035678238
MI,US,5.146128035678238
SE,US,5.146128035678238
SE,US,5.146128035678238
SE,US,5.146128035678238
SE,US,5.146128035678238
SE,US,5.146128035678238
MI,US,5.146128035678238
SE,US,5.146128035678238
SE,US,5.146128035678238
MI,US,5.146128035678238
MI,US,5.146128035678238
SE,CA,5.146128035678238
MI,US,5.146128035678238
SE,US,5.146128035678238
SE,US,5.146128035678238
SE,US,5.146128035678238
SE,US,5.146128035678238
MI,US,5.146128035678238
MI,US,5.146128035678238
SE,US,5.146128035678238
SE,US,5.146128035678238
SE,US,5.146128035678238
MI,US,5.146128035678238
MI,US,5.146128035678238
SE,US,5.146128035678238
MI,US,5.146128035678238
SE,US,5.146128035678238
SE,US,5.146128035678238
SE,US,5.146128035678238
SE,US,5.146128035678238
SE,CA,5.146128035678238
SE,GB,5.243038048686294
MI,US,5.146128035678238
SE,CA,5.146128035678238
SE,US,5.146128035678238
SE,US,5.146128035678238
SE,US,5.146128035678238
EN,US,5.146128035678238
MI,US,5.146128035678238
SE,US,5.146128035678238
SE,US,5.146128035678238
SE,US,5.145538235712233
SE,US,5.145507171409663
SE,US,5.145507171409663
SE,US,5.145507171409663
SE,US,5.145196406114182
SE,US,5.145196406114182
SE,US,5.144885418287142
SE,US,5.144574207609616
SE,US,5.144574207609616
SE,US,5.143014800254095
SE,US,5.143014800254095
SE,US,5.143014800254095
SE,US,5.143014800254095
SE,US,5.143014800254095
SE,US,5.143014800254095
MI,US,5.143014800254095
SE,US,5.143014800254095
SE,US,5.143014800254095
SE,US,5.143014800254095
SE,US,5.1423894661188365
SE,CA,5.141449773400467
MI,US,5.141449773400467
EN,US,5.141449773400467
MI,US,5.141136090120739
SE,US,5.141136090120739
MI,US,5.140753089446843
EN,US,5.14050804303818
SE,US,5.139879086401237
SE,US,5.139879086401237
SE,US,5.139879086401237
MI,US,5.139879086401237
SE,US,5.139879086401237
SE,US,5.139879086401237
MI,US,5.139879086401237
SE,US,5.139879086401237
MI,US,5.139879086401237
MI,US,5.139879086401237
MI,US,5.139879086401237
MI,US,5.139879086401237
EN,US,5.139879086401237
SE,US,5.139879086401237
SE,US,5.139879086401237
SE,US,5.139879086401237
SE,US,5.139879086401237
MI,US,5.139879086401237
SE,US,5.139879086401237
SE,US,5.139879086401237
SE,CA,5.139658736208178
MI,CA,5.139658736208178
SE,US,5.139564266175849
SE,US,5.139472925606888
SE,US,5.138302698166282
SE,US,5.138302698166282
MI,US,5.138302698166282
SE,US,5.138302698166282
SE,US,5.138302698166282
SE,US,5.138302698166282
SE,GB,5.138302698166282
SE,US,5.138302698166282
MI,US,5.138302698166282
SE,US,5.138302698166282
SE,US,5.138302698166282
MI,US,5.138302698166282
EN,US,5.137037454789513
SE,US,5.136720567156407
SE,US,5.136720567156407
MI,US,5.136720567156407
SE,US,5.136720567156407
SE,US,5.136720567156407
SE,US,5.135689082563594
SE,US,5.135132651376775
SE,NZ,5.134878045195129
SE,US,5.134495855834674
SE,US,5.134167541513662
SE,US,5.133538908370218
SE,US,5.133538908370218
MI,US,5.133538908370218
SE,US,5.133538908370218
EX,US,5.133538908370218
SE,US,5.133538908370218
MI,US,5.133538908370218
MI,US,5.133538908370218
SE,US,5.133538908370218
SE,US,5.133538908370218
MI,US,5.133538908370218
SE,US,5.133538908370218
MI,US,5.133538908370218
MI,US,5.133538908370218
MI,US,5.133538908370218
SE,US,5.133538908370218
MI,US,5.133538908370218
MI,US,5.133538908370218
SE,US,5.133538908370218
SE,US,5.133538908370218
MI,US,5.133538908370218
MI,US,5.133538908370218
SE,US,5.133538908370218
MI,US,5.133538908370218
SE,US,5.133538908370218
MI,US,5.133538908370218
MI,US,5.133538908370218
SE,US,5.133538908370218
SE,US,5.133538908370218
SE,US,5.133538908370218
MI,US,5.133538908370218
EX,US,5.133538908370218
MI,US,5.133538908370218
MI,US,5.133538908370218
SE,US,5.133538908370218
MI,US,5.133538908370218
SE,US,5.133538908370218
EX,US,5.133538908370218
MI,US,5.133538908370218
SE,US,5.133538908370218
MI,US,5.133538908370218
EX,US,5.133538908370218
SE,US,5.133283365860989
SE,US,5.133283365860989
SE,US,5.132096317961625
SE,US,5.131881599122228
MI,US,5.131779009369187
MI,US,5.130976691605617
MI,US,5.130976691605617
SE,US,5.130976691605617
SE,US,5.130976691605617
SE,US,5.1307421349542315
MI,US,5.130645705070057
SE,US,5.1303337684950066
MI,US,5.1303337684950066
MI,US,5.1303337684950066
MI,US,5.1303337684950066
SE,US,5.1303337684950066
MI,US,5.1303337684950066
MI,US,5.1303337684950066
SE,US,5.1303337684950066
SE,US,5.1303337684950066
SE,US,5.1303337684950066
SE,US,5.1303337684950066
SE,US,5.1303337684950066
SE,US,5.1303337684950066
MI,US,5.1303337684950066
MI,US,5.1303337684950066
SE,CA,5.01638977278846
MI,US,5.1303337684950066
SE,US,5.1303337684950066
SE,US,5.1303337684950066
MI,US,5.1303337684950066
SE,US,5.1303337684950066
EN,US,5.1303337684950066
SE,US,5.1303337684950066
SE,US,5.1303337684950066
SE,US,5.1303337684950066
SE,US,5.1303337684950066
MI,US,5.1303337684950066
SE,US,5.130011949671904
MI,US,5.129045059887958
SE,US,5.12881914219451
SE,US,5.128722284338426
MI,US,5.128722284338426
MI,US,5.128722284338426
MI,US,5.128722284338426
MI,US,5.128399268717806
MI,US,5.128399268717806
MI,US,5.128399268717806
SE,US,5.127752515832973
SE,US,5.127752515832973
MI,US,5.1276230495980295
MI,US,5.127104798364807
MI,US,5.126790307175194
MI,US,5.126790307175194
SE,US,5.125968963092556
SE,US,5.125494278074399
SE,US,5.124504224834283
SE,US,5.124504224834283
SE,US,5.124504224834283
SE,US,5.124504224834283
EN,US,5.123851640967086
EN,US,5.123851640967086
MI,US,5.123851640967086
MI,US,5.123851640967086
EN,US,5.123851640967086
MI,US,5.123851640967086
MI,US,5.123851640967086
MI,US,5.123851640967086
MI,US,5.123851640967086
EN,US,5.123851640967086
MI,AU,5.123851640967086
SE,US,5.123766732994386
MI,US,5.123766732994386
MI,US,5.123766732994386
SE,US,5.123524980942732
SE,US,5.122543524068754
MI,US,5.122543524068754
SE,US,5.122543524068754
MI,US,5.122435428280237
EN,US,5.122215878272827
SE,US,5.122215878272827
SE,US,5.122215878272827
MI,US,5.122215878272827
SE,US,5.122215878272827
SE,US,5.121559844187501
MI,US,5.120902817614527
SE,US,5.120902817614527
MI,US,5.12057393120585
EN,US,5.12057393120585
SE,US,5.12057393120585
MI,US,5.12057393120585
EN,US,5.12057393120585
SE,US,5.12057393120585
SE,US,5.12057393120585
SE,US,5.12057393120585
SE,US,5.12057393120585
SE,US,5.12057393120585
SE,US,5.12057393120585
SE,US,5.12057393120585
SE,US,5.12057393120585
SE,US,5.12057393120585
SE,US,5.119625344410301
SE,FR,5.1192558892779365
MI,US,5.1192558892779365
SE,US,5.118641634621529
SE,US,5.118641634621529
SE,US,5.118264726089479
MI,US,5.117933835039642
MI,US,5.117933835039642
SE,US,5.117933835039642
SE,US,5.117933835039642
MI,US,5.117933835039642
SE,US,5.117933835039642
MI,US,5.117271295655764
EN,US,5.117271295655764
EN,US,5.11699272742984
MI,US,5.1169396465507555
SE,US,5.1156105116743
SE,US,5.1156105116743
SE,US,5.1156105116743
EN,US,5.115277591395901
SE,US,5.114944415712585
SE,US,5.114277296561586
SE,US,5.114277296561586
SE,CA,5.000026056887215
MI,US,5.113943352306837
MI,US,5.113943352306837
EX,US,5.113943352306837
SE,US,5.113943352306837
SE,US,5.113943352306837
SE,US,5.113943352306837
MI,US,5.113943352306837
SE,US,5.113943352306837
MI,GB,5.210853365314893
SE,US,5.113943352306837
SE,US,5.113943352306837
SE,US,5.113943352306837
SE,US,5.113943352306837
EN,US,5.113943352306837
MI,US,5.113943352306837
MI,US,5.113943352306837
SE,US,5.113943352306837
SE,US,5.113943352306837
EN,US,5.113943352306837
MI,US,5.113943352306837
SE,US,5.113943352306837
SE,US,5.113943352306837
SE,US,5.113943352306837
EN,US,5.113943352306837
SE,US,5.113943352306837
MI,US,5.113943352306837
MI,US,5.113943352306837
EN,US,5.113943352306837
MI,US,5.113943352306837
EX,US,5.113943352306837
MI,US,5.113943352306837
SE,US,5.113943352306837
SE,US,5.113943352306837
MI,US,5.113943352306837
MI,US,5.113943352306837
SE,US,5.113943352306837
MI,US,5.113943352306837
SE,US,5.113943352306837
SE,US,5.113943352306837
SE,US,5.113943352306837
SE,US,5.113943352306837
SE,US,5.113943352306837
EX,US,5.113943352306837
MI,US,5.113943352306837
SE,US,5.113943352306837
SE,US,5.113943352306837
SE,US,5.113943352306837
SE,US,5.113943352306837
SE,US,5.113943352306837
SE,US,5.113943352306837
MI,GB,5.210853365314893
SE,US,5.113943352306837
SE,US,5.113943352306837
EX,US,5.113943352306837
MI,US,5.113943352306837
SE,US,5.113943352306837
SE,US,5.113943352306837
SE,US,5.113943352306837
SE,US,5.113943352306837
MI,US,5.113943352306837
SE,US,5.113943352306837
SE,CA,5.113943352306837
MI,US,5.113943352306837
SE,US,5.113943352306837
SE,CA,5.113943352306837
SE,US,5.113943352306837
SE,US,5.113943352306837
SE,US,5.113943352306837
MI,US,5.1126050015345745
MI,US,5.1109867903357795
SE,US,5.110589710299249
MI,US,5.110589710299249
SE,US,5.110404506501023
MI,US,5.110252917353403
SE,US,5.109915863023793
SE,US,5.109430044772011
MI,US,5.109240968588203
SE,US,5.108057373783854
SE,US,5.108057373783854
MI,US,5.107209969647869
MI,US,5.107209969647869
SE,US,5.107209969647869
MI,US,5.107209969647869
MI,US,5.107209969647869
MI,US,5.107209969647869
SE,US,5.107209969647869
MI,US,5.107209969647869
MI,US,5.107209969647869
SE,US,5.107209969647869
MI,US,5.106054840093787
SE,US,5.105510184769974
MI,US,5.105510184769974
SE,US,5.105510184769974
SE,US,5.105510184769974
MI,US,5.105510184769974
SE,US,5.105510184769974
EN,CA,5.104845461232334
SE,US,5.104828403653656
MI,US,5.104828403653656
SE,US,5.104828403653656
SE,US,5.104828403653656
SE,US,5.104828403653656
SE,US,5.103803720955957
SE,CA,5.103803720955957
MI,US,5.103803720955957
SE,US,5.103803720955957
MI,US,5.103461622094705
SE,US,5.103119253545714
SE,US,5.102663484775859
MI,US,5.102433705681336
SE,US,5.102433705681336
SE,US,5.102090525511836
SE,US,5.102090525511836
SE,US,5.102021856924153
MI,US,5.101747073946366
MI,US,5.101747073946366
SE,US,5.101747073946366
MI,US,5.101747073946366
MI,US,5.1003705451175625
SE,US,5.1003705451175625
MI,US,5.1003705451175625
MI,ES,5.145435715080234
MI,US,5.098643725817057
SE,US,5.098643725817057
SE,US,5.098643725817057
MI,US,5.09725730969342
MI,US,5.096910013008056
SE,US,5.096910013008056
EN,US,5.096910013008056
SE,US,5.096910013008056
EX,US,5.096910013008056
SE,US,5.096910013008056
EN,US,5.096910013008056
EX,US,5.096910013008056
SE,US,5.096910013008056
SE,US,5.096910013008056
MI,US,5.096910013008056
SE,US,5.096910013008056
SE,US,5.096910013008056
MI,US,5.096910013008056
SE,US,5.096910013008056
MI,US,5.096910013008056
SE,US,5.096910013008056
SE,US,5.096910013008056
MI,US,5.096910013008056
SE,US,5.096910013008056
MI,US,5.096910013008056
SE,US,5.096910013008056
SE,US,5.096910013008056
MI,US,5.096684121140489
MI,US,5.096684121140489
SE,US,5.096475501234039
SE,US,5.096214585346405
MI,US,5.0958316249383335
SE,US,5.0948203803548
MI,US,5.09422648522204
MI,US,5.09377178149873
MI,US,5.09377178149873
MI,US,5.093421685162235
MI,US,5.093421685162235
EN,US,5.093421685162235
SE,US,5.093421685162235
EN,US,5.093421685162235
MI,US,5.093071306376063
MI,US,5.092720644684099
SE,US,5.092597846170837
SE,US,5.092510111683982
SE,US,5.092369699629121
SE,US,5.092369699629121
EN,US,5.0921063046052355
MI,US,5.092018470752797
SE,CA,5.090610707828406
EN,US,5.089905111439398
SE,US,5.089905111439398
SE,US,5.089905111439398
SE,US,5.089905111439398
SE,US,5.089905111439398
SE,US,5.089905111439398
SE,US,5.089905111439398
MI,US,5.089905111439398
MI,US,5.089905111439398
SE,US,5.089905111439398
MI,US,5.089905111439398
SE,US,5.089551882886454
SE,US,5.088490470182396
SE,US,5.088136088700551
SE,US,5.088136088700551
MI,US,5.088136088700551
SE,US,5.088136088700551
EN,US,5.087525875300314
SE,CA,5.08677257022228
MI,US,5.086715663944882
SE,US,5.086359830674748
SE,US,5.086359830674748
SE,US,5.086359830674748
SE,US,5.086359830674748
MI,US,5.085647288296856
MI,US,5.084576277934331
SE,US,5.084576277934331
SE,US,5.08298631961265
MI,US,5.08278537031645
MI,US,5.08278537031645
SE,US,5.0823149290222585
MI,US,5.082066934285113
SE,US,5.08188713942355
SE,US,5.081761238717666
MI,US,5.081606510725527
EN,US,5.07990446766672
MI,CH,5.134696547185145
SE,US,5.079181246047625
MI,US,5.079181246047625
SE,US,5.079181246047625
MI,US,5.079181246047625
MI,US,5.079181246047625
MI,US,5.079181246047625
SE,US,5.079181246047625
EN,US,5.079181246047625
MI,US,5.079181246047625
SE,US,5.079181246047625
MI,US,5.079181246047625
EN,US,5.079181246047625
SE,US,5.079181246047625
SE,CA,5.079181246047625
MI,US,5.079181246047625
EN,US,5.079181246047625
EX,US,5.079181246047625
SE,US,5.079181246047625
EX,US,5.079181246047625
MI,US,5.079181246047625
EN,US,5.079181246047625
SE,GB,5.176091259055681
EX,US,5.079181246047625
SE,US,5.079181246047625
MI,US,5.079181246047625
MI,US,5.079181246047625
EN,US,5.079181246047625
SE,CA,5.079181246047625
SE,US,5.079181246047625
MI,US,5.079181246047625
SE,US,5.079181246047625
SE,US,5.079181246047625
SE,GB,5.176091259055681
SE,US,5.079181246047625
MI,US,5.079181246047625
SE,US,5.079181246047625
MI,US,5.079181246047625
MI,US,5.079181246047625
SE,US,5.079181246047625
MI,US,5.079181246047625
MI,US,5.079181246047625
MI,US,5.079181246047625
MI,DE,5.124937650870738
MI,AU,4.903089986991944
EX,US,5.079181246047625
SE,US,5.079181246047625
MI,US,5.079181246047625
SE,US,5.079181246047625
SE,US,5.079181246047625
MI,US,5.079181246047625
SE,US,5.079181246047625
MI,US,5.079181246047625
SE,US,5.079181246047625
SE,US,5.079181246047625
EN,US,5.079181246047625
SE,US,5.079181246047625
SE,CA,5.079181246047625
MI,US,5.079181246047625
MI,US,5.079181246047625
SE,US,5.079181246047625
SE,GB,5.176091259055681
EN,US,5.079181246047625
SE,CA,5.078819183098848
SE,US,5.078772092737234
SE,CA,5.0784060628108865
SE,US,5.078094150406411
SE,US,5.076458387712152
MI,US,5.076276255404218
MI,US,5.076276255404218
SE,US,5.075765878215734
EN,US,5.075546961392531
SE,US,5.075546961392531
MI,US,5.075546961392531
SE,US,5.075546961392531
SE,US,5.075546961392531
EN,US,5.074633618296904
MI,US,5.074084689028243
SE,US,5.073718350346122
MI,US,5.073351702386901
MI,CA,5.072984744627931
SE,US,5.072984744627931
SE,US,5.07238226187188
EN,US,5.071882007306125
MI,US,5.071882007306125
SE,US,5.071882007306125
SE,US,5.071145290451083
MI,US,5.070960915800934
SE,US,5.07086869911476
MI,US,5.0700378666077555
EX,US,5.0700378666077555
MI,US,5.069668096911595
SE,US,5.069668096911595
MI,US,5.068185861746161
MI,US,5.068185861746161
SE,US,5.068185861746161
SE,US,5.068185861746161
SE,US,5.068185861746161
MI,US,5.068185861746161
SE,US,5.068185861746161
MI,US,5.068185861746161
SE,US,5.068185861746161
SE,US,5.068185861746161
MI,US,5.068185861746161
SE,US,5.068185861746161
SE,US,5.068185861746161
MI,CA,5.068185861746161
SE,US,5.068185861746161
MI,DE,5.113943352306837
SE,US,5.068185861746161
SE,US,5.068185861746161
SE,US,5.068185861746161
SE,US,5.0680893411363845
SE,US,5.067442842776381
SE,US,5.066698550422995
MI,US,5.066512277856596
SE,US,5.066325925362038
MI,AU,5.06542658305913
MI,US,5.065206128054312
SE,US,5.065206128054312
MI,CA,5.0646339177321655
EN,US,5.0645066574331885
MI,US,5.064457989226918
SE,US,5.064457989226918
EN,US,5.064457989226918
SE,US,5.064457989226918
SE,US,5.064457989226918
SE,US,5.064457989226918
SE,US,5.064457989226918
MI,US,5.064457989226918
SE,US,5.064457989226918
SE,US,5.064083435963596
SE,US,5.06404221537673
SE,US,5.063708559391418
SE,US,5.063577276106099
SE,US,5.062581984228163
SE,US,5.062581984228163
MI,US,5.062581984228163
SE,US,5.062205808819713
SE,US,5.061656006927474
MI,US,5.060697840353612
MI,US,5.060697840353612
SE,US,5.060697840353612
SE,US,5.060697840353612
EN,US,5.060697840353612
MI,US,5.060697840353612
SE,US,5.060697840353612
SE,US,5.060697840353612
MI,US,5.060697840353612
EN,US,5.060697840353612
SE,US,5.060697840353612
MI,US,5.060697840353612
MI,US,5.060697840353612
EN,US,5.060697840353612
SE,US,5.060697840353612
EN,US,5.060697840353612
SE,US,5.060697840353612
EN,US,5.060697840353612
SE,US,5.060697840353612
SE,US,5.060697840353612
EN,US,5.060697840353612
SE,US,5.060697840353612
MI,US,5.060697840353612
SE,US,5.060697840353612
MI,US,5.060697840353612
SE,US,5.060697840353612
SE,US,5.060697840353612
EN,US,5.060697840353612
MI,US,5.060697840353612
SE,US,5.060697840353612
EN,US,5.060697840353612
SE,US,5.060697840353612
SE,US,5.060697840353612
SE,US,5.060697840353612
EN,US,5.060697840353612
SE,CA,5.060697840353612
EN,US,5.060697840353612
SE,US,5.060697840353612
EN,US,5.060697840353612
SE,US,5.060697840353612
MI,US,5.060697840353612
MI,US,5.060697840353612
MI,US,5.059941888061955
EX,CA,5.059328600657427
MI,US,5.057285644418215
MI,US,5.056904851336473
MI,CH,5.112420655343343
MI,CA,5.056904851336473
SE,US,5.056904851336473
MI,US,5.056904851336473
EN,US,5.056904851336473
EN,US,5.056142262059052
SE,US,5.055760464687735
MI,US,5.054995861529141
SE,US,5.053884790394692
SE,US,5.053462604925455
SE,US,5.053270566681379
SE,US,5.05307844348342
MI,US,5.05307844348342
SE,US,5.05307844348342
SE,US,5.05307844348342
SE,LT,5.098065435167947
SE,US,5.051981715369472
MI,US,5.051152522447381
SE,CA,5.049702456052149
EN,US,5.049218022670182
SE,GB,5.146128035678238
SE,US,5.049218022670182
SE,US,5.049218022670182
SE,US,5.049218022670182
SE,US,5.049218022670182
SE,US,5.049218022670182
SE,US,5.049218022670182
MI,US,5.049218022670182
MI,US,5.049218022670182
SE,US,5.049218022670182
SE,US,5.049218022670182
MI,US,5.049218022670182
SE,US,5.049218022670182
MI,US,5.049218022670182
SE,US,5.049218022670182
EN,US,5.049218022670182
MI,GB,5.049218022670182
MI,US,5.049218022670182
MI,US,5.049218022670182
MI,US,5.049218022670182
MI,US,5.049218022670182
EX,US,5.049218022670182
SE,US,5.049218022670182
SE,US,5.049218022670182
MI,US,5.049218022670182
MI,US,5.049218022670182
MI,US,5.049218022670182
SE,US,5.049218022670182
SE,US,5.049218022670182
EN,US,5.049218022670182
EN,US,5.049218022670182
MI,US,5.049218022670182
MI,US,5.049218022670182
EX,US,5.049218022670182
SE,US,5.049218022670182
EN,US,5.049218022670182
MI,US,5.049218022670182
MI,US,5.049218022670182
MI,US,5.048441803550404
SE,US,5.048441803550404
SE,US,5.0478509477680165
MI,US,5.04766419460156
MI,US,5.04766419460156
MI,US,5.04766419460156
MI,US,5.04766419460156
EN,US,5.0473138158153885
EN,US,5.047274867384179
SE,US,5.047274867384179
SE,US,5.047274867384179
MI,US,5.046495164334709
SE,US,5.046104787246039
MI,US,5.045322978786658
MI,US,5.045322978786658
SE,US,5.04493154614916
MI,CA,5.043872912391425
EN,US,5.04336227802113
MI,US,5.04296907339318
EN,US,5.04296907339318
EN,US,5.04296907339318
MI,US,5.042575512440191
MI,US,5.041392685158225
SE,US,5.041392685158225
SE,US,5.041392685158225
MI,US,5.041392685158225
MI,CA,5.041392685158225
SE,US,5.041392685158225
MI,US,5.041392685158225
MI,US,5.041392685158225
SE,US,5.041392685158225
SE,US,5.041392685158225
SE,US,5.041392685158225
MI,US,5.041392685158225
MI,US,5.041392685158225
MI,US,5.041392685158225
MI,US,5.041392685158225
SE,US,5.041392685158225
MI,US,5.041392685158225
SE,UA,5.041392685158225
MI,US,5.041392685158225
SE,US,5.041392685158225
EN,US,5.041392685158225
SE,US,5.041392685158225
SE,US,5.041392685158225
MI,US,5.041392685158225
EN,US,5.041392685158225
SE,US,5.041392685158225
SE,US,5.041392685158225
SE,US,5.041392685158225
SE,US,5.041392685158225
EN,US,5.041392685158225
MI,US,5.041392685158225
MI,US,5.041392685158225
SE,US,5.041392685158225
SE,US,5.041392685158225
SE,US,5.041392685158225
MI,US,5.041392685158225
MI,US,5.041392685158225
SE,US,5.041392685158225
SE,US,5.041392685158225
SE,CA,5.041392685158225
MI,US,5.041392685158225
SE,US,5.041392685158225
SE,US,5.041392685158225
SE,US,5.041392685158225
SE,UA,5.041392685158225
SE,US,5.041392685158225
MI,US,5.041392685158225
EN,US,5.041392685158225
SE,US,5.041392685158225
SE,GB,5.138302698166282
SE,US,5.041392685158225
SE,CA,5.041392685158225
SE,US,5.041392685158225
MI,US,5.041392685158225
EN,US,5.041392685158225
MI,US,5.041076719715475
EN,US,5.040206627574711
SE,US,5.039414119176137
SE,US,5.039017321997412
SE,US,5.039017321997412
SE,US,5.039017321997412
SE,US,5.039017321997412
SE,US,5.037824750588342
SE,US,5.037426497940624
MI,US,5.037426497940624
SE,US,5.037426497940624
SE,US,5.037426497940624
MI,US,5.037426497940624
SE,US,5.037426497940624
SE,US,5.037426497940624
SE,US,5.037426497940624
SE,US,5.037426497940624
MI,US,5.037426497940624
SE,US,5.037426497940624
SE,US,5.037426497940624
MI,US,5.036429265626675
SE,US,5.035429738184549
SE,US,5.035429738184549
SE,US,5.035429738184549
SE,US,5.035429738184549
SE,US,5.035429738184549
SE,US,5.035429738184549
SE,US,5.035429738184549
MI,US,5.035429738184549
SE,US,5.0347647788324155
EN,US,5.033423755486949
SE,US,5.033423755486949
EN,US,5.033423755486949
SE,US,5.03261876085072
MI,US,5.03261876085072
MI,US,5.03243743124139
SE,CA,5.032336659845735
EX,CA,5.032336659845735
SE,CA,5.032336659845735
MI,US,5.032175376961363
MI,US,5.031408464251625
SE,US,5.031165999660659
SE,US,5.0301826314232
MI,US,5.029789470831855
SE,CA,5.02938377768521
SE,US,5.02938377768521
SE,CA,5.02938377768521
EN,US,5.029221394253928
EN,US,5.028876127736229
SE,US,5.028876127736229
MI,US,5.0285712526925375
MI,US,5.02816441942447
MI,US,5.02816441942447
SE,US,5.027777574498109
SE,US,5.027777574498109
SE,US,5.027777574498109
SE,US,5.027349607774757
MI,US,5.027349607774757
MI,CA,5.027349607774757
MI,US,5.027349607774757
SE,US,5.027349607774757
MI,US,5.027349607774757
MI,US,5.027349607774757
SE,US,5.027349607774757
MI,US,5.027349607774757
MI,US,5.027349607774757
SE,US,5.027349607774757
MI,US,5.027349607774757
MI,US,5.027349607774757
SE,US,5.026533264523297
SE,US,5.026369811573718
SE,EG,5.02612451674545
SE,US,5.02612451674545
MI,US,5.025715383901341
MI,US,5.025715383901341
SE,US,5.025715383901341
EN,US,5.025715383901341
MI,US,5.0255106728525805
MI,US,5.0255106728525805
MI,US,5.0255106728525805
MI,US,5.0255106728525805
SE,US,5.02530586526477
MI,US,5.02530586526477
EN,US,5.02530586526477
MI,US,5.02530586526477
SE,US,5.02530586526477
MI,US,5.02530586526477
EN,US,5.02530586526477
MI,US,5.02530586526477
MI,US,5.02530586526477
SE,US,5.024485667699167
MI,US,5.024074987307427
MI,US,5.024074987307427
MI,US,5.023853058313898
MI,US,5.023252459633712
SE,US,5.023252459633712
SE,US,5.023252459633712
SE,US,5.022432495519957
SE,US,5.022432495519957
SE,US,5.022432495519957
EN,CA,5.0224283711854865
EN,CA,5.0224283711854865
SE,CA,5.0224283711854865
EN,CA,5.0224283711854865
SE,US,5.022292246170454
SE,US,5.022292246170454
SE,US,5.021189299069938
SE,US,5.021189299069938
MI,AU,5.021189299069938
EN,US,5.021189299069938
MI,US,5.021189299069938
SE,US,5.021189299069938
SE,US,5.021189299069938
SE,US,5.021189299069938
EN,CA,4.907244705919952
MI,US,5.021189299069938
MI,US,5.021189299069938
MI,US,5.021189299069938
MI,US,5.021189299069938
SE,CA,5.021189299069938
MI,US,5.021189299069938
SE,US,5.021189299069938
MI,US,5.021189299069938
SE,US,5.021189299069938
SE,US,5.021189299069938
MI,US,5.021189299069938
EN,US,5.021189299069938
MI,US,5.021189299069938
MI,US,5.021189299069938
MI,US,5.021189299069938
SE,US,5.021189299069938
EN,US,5.021189299069938
MI,US,5.021189299069938
MI,US,5.021189299069938
MI,US,5.021189299069938
EN,US,5.021189299069938
SE,US,5.0211107053383275
SE,US,5.0211107053383275
MI,US,5.020866560422751
SE,US,5.020477300026737
SE,US,5.020361282647708
SE,US,5.020361282647708
SE,GB,5.11708228670451
SE,US,5.019544140217319
EN,US,5.019116290447073
MI,US,5.017450729510536
SE,US,5.017033339298781
SE,US,5.017033339298781
SE,US,5.017033339298781
MI,US,5.017033339298781
EN,US,5.017033339298781
SE,US,5.017033339298781
SE,US,5.017033339298781
MI,US,5.017033339298781
EN,US,5.017033339298781
SE,US,5.017033339298781
SE,US,5.017033339298781
MI,US,5.0169372827817185
MI,US,5.0169372827817185
EN,US,5.016197353512439
SE,US,5.016138774198267
MI,US,5.014940349792936
SE,US,5.014940349792936
SE,US,5.01422642938923
SE,US,5.014100321519621
SE,US,5.013995203648624
SE,US,5.012837224705172
MI,US,5.012837224705172
SE,US,5.012837224705172
EN,US,5.012837224705172
MI,US,5.012837224705172
SE,GB,5.012415374762433
SE,US,5.010723865391773
MI,US,5.00987563371216
SE,US,5.009450895798694
MI,US,5.008600171761918
SE,US,5.008600171761918
EN,US,5.008600171761918
MI,US,5.008600171761918
SE,CA,5.0075899016085925
SE,CA,5.0075899016085925
EN,US,5.00518051250378
SE,US,5.004751155591001
SE,US,5.004751155591001
MI,US,5.004321373782642
EN,US,5.004321373782642
EN,US,5.004321373782642
SE,US,5.004321373782642
MI,CA,5.003460532109506
MI,US,5.003029470553618
SE,US,5.002597980719909
MI,US,5.001733712809001
SE,US,5.000867721531227
SE,US,5.000867721531227
SE,US,5.000867721531227
EN,CA,5.000624934209221
SE,US,5.000095534277634
MI,US,5.0
SE,US,5.0
SE,US,5.0
MI,US,5.0
MI,US,5.0
EN,US,5.0
MI,US,5.0
MI,US,5.0
EN,US,5.0
MI,US,5.0
SE,US,5.0
SE,US,5.0
MI,US,5.0
SE,PL,5.045757056265976
EX,US,5.0
SE,US,5.0
EN,US,5.0
SE,US,5.0
MI,US,5.0
SE,US,5.0
SE,US,5.0
SE,US,5.0
SE,US,5.0
SE,US,5.0
EN,US,5.0
MI,US,5.0
EN,US,5.0
SE,GB,5.096910013008056
SE,GB,5.096910013008056
SE,US,5.0
MI,US,5.0
MI,US,5.0
MI,US,5.0
MI,US,5.0
SE,US,5.0
SE,US,5.0
EN,US,5.0
EN,US,5.0
SE,US,5.0
SE,US,5.0
MI,US,5.0
SE,US,5.0
SE,US,5.0
EN,US,5.0
SE,US,5.0
MI,US,5.0
SE,US,5.0
SE,US,5.0
SE,US,5.0
MI,US,5.0
EN,US,5.0
MI,US,5.0
SE,US,5.0
MI,US,5.0
MI,US,5.0
MI,US,5.0
SE,IE,5.0
SE,US,5.0
SE,US,5.0
MI,US,5.0
SE,US,5.0
EX,US,5.0
MI,US,5.0
SE,US,5.0
MI,US,5.0
MI,US,5.0
SE,US,5.0
MI,US,5.0
SE,US,5.0
MI,US,5.0
SE,US,5.0
MI,US,5.0
MI,US,5.0
SE,US,5.0
MI,US,5.0
EN,US,5.0
MI,US,5.0
SE,US,5.0
MI,US,5.0
SE,GB,5.096910013008056
MI,US,5.0
MI,US,5.0
SE,US,5.0
MI,US,5.0
EN,US,5.0
EN,US,4.999565488225982
SE,US,4.998912904358786
MI,US,4.998259338423699
EN,CA,4.998032539122955
EN,US,4.997823080745725
EN,US,4.997823080745725
SE,US,4.997823080745725
SE,US,4.997582952095966
SE,US,4.997582952095966
EN,US,4.9965116721541785
MI,US,4.996073654485276
MI,US,4.99563519459755
EN,US,4.99563519459755
SE,US,4.99563519459755
MI,US,4.99563519459755
MI,US,4.994317152669637
MI,US,4.994317152669637
MI,US,4.993436230497612
MI,CA,4.991226075692495
EN,US,4.991226075692495
MI,US,4.991226075692495
MI,US,4.991226075692495
MI,US,4.990937927660145
MI,US,4.990338854787601
SE,US,4.9898945637187735
SE,CA,4.9898634463156455
EN,US,4.989004615698537
MI,US,4.988558956878616
SE,US,4.9882690332144355
SE,US,4.9882690332144355
MI,US,4.988112840268352
SE,US,4.988112840268352
EX,US,4.987907472642502
EX,US,4.987907472642502
SE,US,4.987666264926275
MI,US,4.987331031808971
MI,US,4.9870402869792665
MI,US,4.986771734266245
SE,US,4.986771734266245
MI,US,4.986771734266245
EN,US,4.986771734266245
SE,US,4.986771734266245
MI,US,4.986771734266245
SE,US,4.986771734266245
SE,US,4.986323777050766
EN,US,4.985875357308394
EN,US,4.985875357308394
MI,US,4.985875357308394
EN,US,4.985700348034589
MI,US,4.985650973690949
SE,US,4.985650973690949
SE,US,4.985426474083002
SE,CA,4.985170402891537
SE,US,4.984977126415493
SE,US,4.984977126415493
SE,US,4.984977126415493
SE,US,4.984977126415493
SE,US,4.984977126415493
SE,US,4.984977126415493
SE,US,4.984977126415493
SE,US,4.984977126415493
SE,US,4.984977126415493
SE,US,4.984527313343793
MI,US,4.984414787243434
MI,US,4.9841310920920465
MI,US,4.98412658749994
MI,US,4.98412658749994
SE,US,4.983175072037813
SE,US,4.983175072037813
MI,US,4.983175072037813
MI,US,4.983175072037813
EN,US,4.982271233039568
EN,US,4.982271233039568
EX,ES,5.028026009251249
EX,ES,5.028026009251249
SE,US,4.982271233039568
SE,US,4.982271233039568
MI,US,4.982271233039568
EX,US,4.982271233039568
SE,US,4.982271233039568
SE,CA,4.9814924242013845
SE,US,4.981256695160098
MI,US,4.979607551262018
SE,US,4.979206813945709
SE,US,4.979206813945709
SE,US,4.979092900638326
SE,US,4.979092900638326
SE,US,4.979092900638326
EN,US,4.978481815508418
SE,US,4.978203349906158
EN,US,4.977723605288848
EN,US,4.977723605288848
SE,US,4.977723605288848
MI,US,4.977723605288848
MI,US,4.977723605288848
MI,US,4.977723605288848
MI,US,4.977723605288848
MI,US,4.977723605288848
EN,US,4.977723605288848
SE,GB,5.074633618296904
MI,US,4.977723605288848
MI,US,4.977723605288848
EN,US,4.977723605288848
MI,US,4.977723605288848
MI,US,4.977723605288848
MI,US,4.977723605288848
MI,US,4.977723605288848
SE,US,4.977723605288848
SE,US,4.977723605288848
EN,US,4.977723605288848
EN,US,4.977723605288848
MI,US,4.977723605288848
EN,US,4.977723605288848
MI,US,4.977723605288848
SE,IN,4.977723605288848
SE,US,4.976808337338066
MI,US,4.976349979003273
SE,US,4.976349979003273
MI,US,4.976005892508129
MI,CA,4.975891136401793
EN,US,4.975891136401793
SE,US,4.975891136401793
SE,US,4.975431808509263
SE,US,4.975431808509263
MI,US,4.9750409974730525
MI,US,4.974971994298069
MI,US,4.974971994298069
SE,US,4.974971994298069
SE,US,4.974050902792877
SE,US,4.973589623427257
SE,US,4.973127853599698
SE,US,4.973127853599698
SE,US,4.973127853599698
SE,US,4.973127853599698
SE,US,4.973127853599698
MI,US,4.973127853599698
SE,US,4.973127853599698
SE,US,4.973127853599698
SE,US,4.973127853599698
MI,US,4.972665592266111
SE,US,4.972202838379064
SE,US,4.972202838379064
EN,US,4.970811610872518
MI,US,4.970811610872518
MI,US,4.970346876230093
SE,AU,4.970346876230093
SE,US,4.970346876230093
SE,US,4.9698816437465
SE,US,4.9698816437465
SE,US,4.9698816437465
MI,US,4.9698816437465
SE,US,4.9698816437465
SE,US,4.9698816437465
SE,US,4.9698816437465
SE,US,4.9698816437465
MI,US,4.9698816437465
MI,US,4.9698816437465
SE,US,4.9698816437465
MI,US,4.9698816437465
SE,US,4.9698816437465
SE,US,4.9698816437465
MI,EG,4.9698816437465
MI,EG,4.9698816437465
SE,EG,4.9698816437465
SE,US,4.9698816437465
SE,US,4.9698816437465
MI,US,4.9698816437465
SE,US,4.9698816437465
SE,DE,4.9698816437465
SE,EG,4.9698816437465
MI,US,4.969182859232261
MI,US,4.968949680981343
EN,US,4.968482948553935
MI,US,4.968482948553935
EN,US,4.968482948553935
EN,US,4.968482948553935
SE,US,4.968482948553935
EN,US,4.968482948553935
EN,US,4.968482948553935
MI,US,4.968482948553935
EN,US,4.968482948553935
EN,US,4.968482948553935
SE,US,4.968482948553935
EN,US,4.96759477267189
SE,US,4.967079734144497
EN,US,4.967079734144497
SE,US,4.967079734144497
EN,US,4.967079734144497
EN,US,4.967079734144497
SE,US,4.965201701025912
SE,CA,4.96468381497604
SE,CA,4.96468381497604
SE,CA,4.96468381497604
MI,GB,5.060697840353612
EN,AU,4.963787827345556
EN,US,4.963787827345556
EN,AU,4.963787827345556
SE,AR,4.963787827345556
MI,US,4.963787827345556
EN,US,4.963787827345556
MI,GB,5.060697840353612
SE,US,4.963787827345556
MI,US,4.963787827345556
MI,US,4.963787827345556
SE,US,4.9615919304215925
MI,CA,4.960470777534299
SE,US,4.959041392321094
EN,US,4.959041392321094
MI,US,4.958802703399503
MI,US,4.958085848521085
MI,US,4.958085848521085
MI,US,4.957607287060095
MI,US,4.956648579205203
MI,US,4.956648579205203
MI,US,4.956648579205203
EN,US,4.955687750313506
MI,US,4.955586739850927
MI,US,4.954724790979063
MI,US,4.954242509439325
MI,US,4.954242509439325
SE,US,4.954242509439325
SE,US,4.954242509439325
EN,US,4.954242509439325
EN,US,4.954242509439325
EN,US,4.954242509439325
MI,US,4.954242509439325
MI,US,4.954242509439325
SE,FR,5.0
SE,AE,4.954242509439325
EN,US,4.954242509439325
SE,US,4.954242509439325
MI,US,4.954242509439325
EN,AU,4.954242509439325
EN,AU,4.954242509439325
EN,US,4.954242509439325
SE,US,4.954242509439325
SE,US,4.954242509439325
MI,US,4.954242509439325
SE,GB,5.051152522447381
MI,US,4.954242509439325
MI,US,4.954242509439325
MI,US,4.954242509439325
EN,US,4.954242509439325
EN,US,4.954242509439325
EN,US,4.954242509439325
SE,US,4.954242509439325
SE,CA,4.954242509439325
SE,GB,5.051152522447381
MI,US,4.954242509439325
SE,GB,5.051152522447381
EN,US,4.954242509439325
EN,US,4.954242509439325
EN,US,4.954242509439325
EN,US,4.954242509439325
MI,US,4.954242509439325
SE,US,4.954242509439325
SE,US,4.954242509439325
SE,US,4.954242509439325
MI,US,4.954242509439325
EN,US,4.954242509439325
EN,US,4.954242509439325
SE,US,4.954242509439325
MI,US,4.954242509439325
SE,US,4.954242509439325
SE,US,4.954242509439325
MI,US,4.954242509439325
SE,GB,5.051152522447381
EN,US,4.954242509439325
MI,IE,5.0
EN,US,4.954242509439325
MI,US,4.951823035315912
MI,US,4.951823035315912
MI,US,4.951823035315912
EN,US,4.949390006644912
MI,US,4.949390006644912
MI,US,4.949390006644912
SE,US,4.949390006644912
MI,AU,4.949365607393135
SE,US,4.948676983506826
EN,US,4.948412965778601
EN,US,4.948412965778601
SE,US,4.947776708464739
EN,US,4.945468585131819
EN,US,4.945468585131819
MI,US,4.945468585131819
SE,US,4.944739224915439
MI,US,4.944482672150168
MI,US,4.944482672150168
MI,US,4.944482672150168
MI,US,4.944482672150168
SE,CA,4.944482672150168
EN,US,4.944477736957561
MI,US,4.943494515906103
MI,US,4.943494515906103
SE,US,4.942504106168081
EN,US,4.942256150419465
EN,US,4.942256150419465
EN,US,4.942256150419465
EN,US,4.941511432634403
MI,US,4.9410142437055695
MI,US,4.939519252618618
SE,US,4.939519252618618
EN,US,4.939519252618618
SE,GB,5.036429265626675
EN,US,4.939019776448666
MI,US,4.938519725176492
EN,US,4.938519725176492
MI,US,4.937517892017347
EN,US,4.937517892017347
MI,US,4.937016107464814
MI,US,4.9366343630828915
MI,CA,4.935597944300309
SE,NL,4.980989078325612
MI,US,4.934892167719916
SE,DE,4.980385200924034
SE,US,4.9344984512435675
MI,US,4.9344984512435675
EN,US,4.9344984512435675
SE,US,4.9344984512435675
MI,US,4.9344984512435675
MI,US,4.9344984512435675
MI,US,4.9344984512435675
MI,US,4.9344984512435675
MI,US,4.9344984512435675
EN,US,4.9344984512435675
SE,US,4.9344984512435675
SE,US,4.9344984512435675
SE,US,4.9344984512435675
SE,US,4.9344984512435675
MI,US,4.9344984512435675
SE,US,4.9344984512435675
EN,MX,4.933993163831242
MI,US,4.933234128714808
MI,US,4.9329808219231985
EN,US,4.931966114728173
SE,US,4.931966114728173
SE,US,4.931966114728173
SE,US,4.931808622678894
EN,US,4.9315595670908055
SE,US,4.931422271321642
SE,US,4.929418925714293
MI,US,4.929418925714293
SE,GB,5.026328938722349
SE,US,4.929418925714293
MI,US,4.929418925714293
EN,US,4.929418925714293
MI,US,4.929418925714293
MI,US,4.929418925714293
EN,US,4.929418925714293
MI,US,4.929418925714293
SE,US,4.929418925714293
SE,US,4.929418925714293
SE,US,4.929418925714293
MI,GB,5.026328938722349
MI,GB,5.026328938722349
SE,US,4.929418925714293
MI,US,4.929418925714293
SE,US,4.929418925714293
EN,US,4.929418925714293
SE,AR,4.929418925714293
SE,US,4.929418925714293
EN,US,4.929418925714293
SE,US,4.929418925714293
MI,US,4.929418925714293
MI,US,4.929418925714293
EN,US,4.929418925714293
EN,LB,4.929418925714293
MI,US,4.929418925714293
MI,IE,4.975174372531421
SE,US,4.928754202176653
SE,US,4.92813970687512
SE,US,4.927883410330707
SE,US,4.927026281968983
SE,US,4.926856708949693
SE,US,4.926856708949693
SE,US,4.926856708949693
SE,US,4.926856708949693
EN,US,4.924821815154176
EN,US,4.924630715559238
EN,US,4.924279286061882
MI,US,4.924279286061882
MI,US,4.924279286061882
MI,DE,4.970035225568066
EN,US,4.924279286061882
MI,US,4.9237619608287
MI,US,4.9237619608287
MI,ES,4.9695184161212005
MI,US,4.9237619608287
MI,US,4.9237619608287
MI,US,4.9237619608287
EN,CA,4.9224451775821745
SE,US,4.9220815816975545
SE,GB,5.017951068830742
EN,US,4.920645001406788
MI,US,4.920645001406788
MI,US,4.920645001406788
EN,US,4.920645001406788
EN,US,4.920645001406788
MI,US,4.920645001406788
EN,US,4.920123326290724
MI,NL,4.9649569591305065
EN,US,4.919078092376074
EN,US,4.919078092376074
EN,US,4.918633105073041
EN,US,4.918633105073041
MI,US,4.918633105073041
SE,US,4.9170851906405675
SE,US,4.9164539485499255
SE,US,4.9164539485499255
SE,US,4.915742702765058
EN,US,4.913813852383717
SE,US,4.913813852383717
MI,US,4.913813852383717
SE,US,4.913813852383717
MI,US,4.913813852383717
MI,US,4.913601949729157
SE,US,4.912753303671323
SE,US,4.912753303671323
MI,US,4.912291155420223
MI,US,4.911956189072687
MI,US,4.911956189072687
SE,US,4.911349401983219
MI,CA,4.91131744232403
MI,US,4.911157608739977
MI,US,4.911157608739977
MI,US,4.911157608739977
MI,US,4.911157608739977
MI,US,4.911157608739977
SE,US,4.911157608739977
SE,US,4.911157608739977
MI,US,4.911157608739977
SE,CA,4.910677754742705
SE,CA,4.910677754742705
MI,US,4.909556029241175
MI,US,4.9084850188786495
MI,US,4.907653165373436
MI,US,4.907411360774586
MI,US,4.905795880367869
MI,US,4.905364068766892
MI,US,4.905364068766892
MI,US,4.905364068766892
MI,US,4.905364068766892
EN,US,4.903524064471262
MI,GB,5.0
MI,GB,5.0
MI,US,4.903089986991944
EN,US,4.903089986991944
EN,US,4.903089986991944
EN,US,4.903089986991944
MI,US,4.903089986991944
SE,GB,5.0
EN,US,4.903089986991944
EN,US,4.903089986991944
EN,US,4.903089986991944
MI,AU,4.903089986991944
SE,GB,5.0
SE,US,4.903089986991944
EN,US,4.903089986991944
MI,US,4.903089986991944
EN,DE,4.948843134586085
SE,US,4.903089986991944
SE,GB,5.0
MI,US,4.903089986991944
EN,US,4.903089986991944
MI,US,4.903089986991944
EN,US,4.903089986991944
EN,US,4.903089986991944
MI,US,4.903089986991944
MI,US,4.903089986991944
MI,US,4.903089986991944
MI,US,4.903089986991944
SE,IE,4.903089986991944
MI,US,4.903089986991944
SE,US,4.903089986991944
MI,US,4.903089986991944
MI,US,4.903089986991944
EN,US,4.903089986991944
SE,US,4.903089986991944
SE,US,4.903089986991944
SE,US,4.903089986991944
MI,US,4.903089986991944
EN,US,4.903089986991944
EN,US,4.903089986991944
SE,IN,4.903089986991944
MI,US,4.903089986991944
SE,US,4.903089986991944
MI,US,4.903089986991944
MI,US,4.902546779313991
MI,US,4.901158516602071
MI,US,4.900913067737669
SE,US,4.900913067737669
SE,US,4.900913067737669
MI,US,4.900913067737669
SE,US,4.900913067737669
MI,US,4.900913067737669
SE,US,4.900913067737669
EN,US,4.899273187317604
MI,US,4.898725181589493
MI,US,4.898725181589493
MI,US,4.897627091290442
EN,US,4.897627091290442
SE,US,4.897627091290442
SE,US,4.897077003209421
SE,US,4.896526217489555
SE,US,4.896526217489555
SE,US,4.896526217489555
SE,US,4.896526217489555
SE,US,4.896526217489555
SE,US,4.896526217489555
EN,MT,4.896526217489555
MI,US,4.895284389689618
EN,CA,4.893806132152169
MI,US,4.893761762057943
MI,US,4.8926510338773
MI,US,4.892094602690481
MI,US,4.892094602690481
MI,US,4.892094602690481
SE,US,4.892094602690481
MI,CA,4.892094602690481
MI,US,4.891124709716798
SE,US,4.888740960682893
SE,US,4.888740960682893
MI,US,4.888067113407437
EN,US,4.88798280893626
MI,LV,4.9324737646771535
MI,US,4.886490725172482
MI,US,4.886490725172482
MI,US,4.9834007381805385
EN,US,4.886490725172482
SE,US,4.886490725172482
MI,US,4.886490725172482
SE,US,4.886490725172482
MI,GB,4.982836352809487
SE,US,4.883661435153617
EN,US,4.883661435153617
MI,US,4.882524537954881
EN,US,4.882524537954881
MI,US,4.882524537954881
MI,US,4.882524537954881
SE,US,4.882524537954881
MI,US,4.882524537954881
EN,US,4.881356121373085
MI,US,4.881099218389017
MI,US,4.881099218389017
EN,US,4.880813592280791
EN,US,4.880813592280791
SE,US,4.880813592280791
EN,US,4.879669205632053
MI,US,4.879124563789367
EN,US,4.879095879500073
MI,US,4.8779469516291885
SE,US,4.876794976200701
EN,US,4.875437488935153
EN,US,4.875437488935153
EN,US,4.875437488935153
MI,GB,4.971971276399756
EN,US,4.8750612633917
MI,GB,4.971971276399756
MI,US,4.8750612633917
EN,US,4.8750612633917
SE,US,4.8750612633917
MI,US,4.8750612633917
EN,US,4.8750612633917
MI,US,4.8750612633917
EN,US,4.8750612633917
MI,US,4.8750612633917
MI,US,4.8750612633917
MI,US,4.8750612633917
MI,GB,4.971971276399756
EN,US,4.8750612633917
EN,GB,4.971971276399756
EN,FR,4.9208170167709735
EN,US,4.8750612633917
EN,GB,4.971971276399756
MI,US,4.8750612633917
MI,US,4.8750612633917
EN,US,4.8750612633917
MI,US,4.8750612633917
EN,US,4.8750612633917
MI,US,4.8750612633917
MI,US,4.8750612633917
EN,US,4.8750612633917
MI,US,4.8750612633917
EN,US,4.872156272748293
EN,US,4.871572935545879
MI,US,4.870988813760575
MI,US,4.870988813760575
SE,US,4.870988813760575
EN,US,4.870988813760575
MI,AU,4.870848507551546
SE,CA,4.870813423915598
MI,CA,4.870813423915598
SE,GB,4.9661417327390325
EN,US,4.869231719730976
EN,US,4.867797355645453
SE,US,4.867467487859051
SE,LT,4.910266791720002
MI,US,4.86391737695786
MI,US,4.86391737695786
MI,US,4.86391737695786
MI,US,4.86391737695786
MI,US,4.86391737695786
MI,US,4.86391737695786
SE,US,4.86391737695786
MI,US,4.86391737695786
MI,US,4.86391737695786
MI,US,4.86391737695786
MI,EG,4.86391737695786
MI,US,4.86391737695786
MI,US,4.86391737695786
SE,US,4.86391737695786
MI,US,4.86391737695786
MI,US,4.86391737695786
MI,US,4.86391737695786
SE,US,4.86391737695786
MI,US,4.86391737695786
MI,US,4.86391737695786
MI,US,4.86391737695786
MI,US,4.86391737695786
MI,US,4.86391737695786
MI,US,4.863322860120456
MI,US,4.863322860120456
MI,US,4.863322860120456
MI,US,4.863322860120456
MI,US,4.863322860120456
MI,US,4.862548769524793
MI,US,4.861534410859038
SE,US,4.860936620700094
MI,US,4.860338006570994
SE,US,4.860338006570994
MI,US,4.859498558187776
MI,LV,4.905256048748451
MI,US,4.8587777373054495
EN,US,4.858537197569639
EN,NL,4.903860176356297
EN,US,4.857935264719429
MI,US,4.857935264719429
MI,US,4.857332496431268
EN,US,4.857332496431268
EN,US,4.857332496431268
EN,US,4.857332496431268
EN,US,4.857079084064363
SE,NL,4.901812369530651
SE,DE,4.90120213743671
MI,US,4.854306041801081
SE,US,4.852784868680548
SE,US,4.949258234397422
SE,US,4.8512583487190755
SE,CA,4.8512583487190755
EN,US,4.8512583487190755
SE,US,4.850033257689769
MI,US,4.849370268783618
MI,US,4.849112166184577
MI,AU,4.846522668416287
MI,US,4.845098040014257
MI,US,4.845098040014257
MI,US,4.845098040014257
EN,US,4.845098040014257
MI,GB,4.942008053022313
EN,US,4.845098040014257
SE,GB,4.942008053022313
MI,US,4.845098040014257
MI,US,4.845098040014257
MI,US,4.845098040014257
MI,GB,4.942008053022313
SE,GB,4.942008053022313
EN,US,4.845098040014257
MI,US,4.845098040014257
EN,US,4.845098040014257
EN,US,4.845098040014257
MI,US,4.845098040014257
MI,AT,4.890851187608398
EN,US,4.845098040014257
MI,US,4.845098040014257
MI,US,4.845098040014257
SE,FI,4.890851187608398
MI,US,4.845098040014257
MI,US,4.845098040014257
SE,GB,4.942008053022313
MI,US,4.845098040014257
MI,US,4.845098040014257
MI,US,4.845098040014257
EN,US,4.845098040014257
EN,US,4.845098040014257
MI,US,4.845098040014257
EN,US,4.845098040014257
SE,US,4.845098040014257
EN,DE,4.890851187608398
MI,US,4.845098040014257
SE,US,4.845098040014257
MI,US,4.845098040014257
MI,US,4.845098040014257
SE,US,4.845098040014257
MI,US,4.845098040014257
MI,US,4.845098040014257
MI,US,4.845098040014257
EN,US,4.845098040014257
EN,US,4.845098040014257
SE,US,4.845098040014257
EN,US,4.845098040014257
MI,US,4.845098040014257
MI,US,4.845098040014257
SE,PT,4.890851187608398
MI,US,4.843855422623161
MI,US,4.843855422623161
MI,US,4.8437620828337336
SE,US,4.842609239610562
EN,US,4.841359470454855
MI,CA,4.840733234611807
MI,US,4.838849090737256
EN,US,4.838849090737256
MI,CA,4.838849090737256
MI,US,4.838849090737256
MI,CA,4.838691709151223
MI,US,4.837903944592942
MI,US,4.837209527801207
MI,US,4.836558293023653
MI,US,4.835056101720117
SE,US,4.835056101720117
MI,US,4.835056101720117
MI,US,4.834420703681532
SE,US,4.833752533717874
SE,US,4.833465860170692
MI,US,4.833070577507458
EN,US,4.832508912706237
EX,US,4.832508912706237
MI,US,4.832508912706237
EN,US,4.832508912706237
MI,US,4.832508912706237
EN,US,4.832508912706237
EN,US,4.832508912706237
SE,CA,4.827853706435792
SE,US,4.827369273053825
MI,US,4.826463549092801
MI,US,4.826074802700826
MI,US,4.826074802700826
EN,US,4.824906471302112
EN,US,4.823213313282667
MI,US,4.820201459485641
SE,GB,4.9164539485499255
EN,US,4.819543935541868
EN,US,4.819543935541868
EN,US,4.819543935541868
MI,US,4.819543935541868
EN,US,4.819543935541868
MI,US,4.818225893613955
MI,US,4.818225893613955
SE,US,4.818225893613955
MI,US,4.818225893613955
EN,US,4.8178957571617955
EN,US,4.8178957571617955
EN,US,4.8178957571617955
EN,US,4.8178957571617955
MI,US,4.8169038393756605
MI,US,4.8169038393756605
EN,CA,4.8156242299556205
EN,US,4.815577748324268
EN,US,4.815577748324268
SE,DE,4.814913181275074
MI,CA,4.812913356642856
MI,US,4.812913356642856
MI,US,4.812913356642856
SE,GB,4.909823369650912
EN,US,4.812913356642856
EN,US,4.812913356642856
MI,GB,4.909823369650912
SE,GB,4.909823369650912
SE,GB,4.909823369650912
SE,GB,4.909823369650912
EN,US,4.812913356642856
EN,US,4.812913356642856
MI,US,4.812913356642856
MI,US,4.812913356642856
EN,US,4.812913356642856
SE,GB,4.909823369650912
MI,AT,4.858669510910762
SE,US,4.909823369650912
MI,US,4.812913356642856
EN,US,4.812913356642856
MI,US,4.812913356642856
EN,DE,4.858669510910762
MI,US,4.812913356642856
SE,GB,4.909823369650912
MI,GB,4.909823369650912
MI,US,4.812913356642856
MI,US,4.812913356642856
SE,US,4.909823369650912
MI,US,4.812913356642856
MI,US,4.812913356642856
SE,GB,4.909823369650912
EN,US,4.812244696800369
EN,US,4.812244696800369
EN,US,4.812244696800369
EN,US,4.810232517995084
EN,US,4.810232517995084
EN,US,4.8095597146352675
SE,US,4.807535028068854
SE,US,4.807535028068854
EN,US,4.8061799739838875
EN,US,4.8061799739838875
MI,US,4.8061799739838875
SE,US,4.903089986991944
EN,US,4.802390556452736
EN,US,4.799340549453582
MI,US,4.794488046659169
SE,US,4.794488046659169
MI,US,4.79309160017658
MI,US,4.79309160017658
MI,US,4.7923916894982534
MI,US,4.7923916894982534
MI,US,4.7923916894982534
SE,US,4.7923916894982534
MI,US,4.790988475088816
MI,US,4.790988475088816
EN,US,4.790285164033242
EN,US,4.790285164033242
MI,US,4.789580712164425
EN,US,4.788613754287565
MI,US,4.785329835010767
SE,US,4.881241961030205
EN,US,4.783903579272735
EN,US,4.781755374652469
EN,US,4.778729923996112
SE,DE,4.823904397977785
SE,GB,4.8750612633917
MI,US,4.778151250383644
EN,US,4.778151250383644
SE,GB,4.8750612633917
SE,DE,4.823904397977785
EN,US,4.778151250383644
SE,PL,4.823904397977785
MI,US,4.778151250383644
MI,US,4.778151250383644
SE,GB,4.8750612633917
SE,BR,4.778151250383644
MI,US,4.8750612633917
MI,US,4.778151250383644
SE,GB,4.8750612633917
SE,LT,4.823904397977785
MI,DE,4.823904397977785
SE,UA,4.778151250383644
MI,US,4.778151250383644
SE,ES,4.823904397977785
SE,GB,4.8750612633917
MI,DE,4.823904397977785
MI,US,4.778151250383644
EN,US,4.778151250383644
SE,PT,4.823904397977785
SE,US,4.777593547862826
MI,CA,4.775027600098845
MI,US,4.77451696572855
MI,US,4.773054693364263
SE,LT,4.815132600842988
EN,LB,4.76715586608218
EN,US,4.7664128471124
EN,US,4.7664128471124
EN,US,4.7664128471124
MI,US,4.7664128471124
MI,US,4.7664128471124
MI,US,4.7664128471124
EN,US,4.7664128471124
MI,US,4.7656685547590145
MI,US,4.7656685547590145
MI,AU,4.7656685547590145
MI,NL,4.810057689365763
MI,US,4.763427993562937
MI,US,4.763427993562937
EN,US,4.763427993562937
EN,US,4.761175813155732
EN,US,4.761175813155732
MI,US,4.7596678446896306
EN,US,4.75815462196739
EN,US,4.7558748556724915
MI,HR,4.80163006046672
SE,US,4.845098040014257
EN,US,4.746252661685883
SE,US,4.746011107751926
SE,US,4.7419390777291985
SE,US,4.7419390777291985
SE,US,4.7419390777291985
SE,US,4.7419390777291985
SE,US,4.7419390777291985
SE,US,4.7419390777291985
SE,US,4.7419390777291985
SE,US,4.7419390777291985
MI,GB,4.8372727025023
SE,GB,4.8372727025023
MI,GB,4.8372727025023
SE,GB,4.8372727025023
MI,GB,4.8372727025023
MI,GB,4.8372727025023
SE,GB,4.8372727025023
EN,US,4.740362689494244
MI,GB,4.8372727025023
EN,GB,4.8372727025023
EX,GB,4.8372727025023
SE,GB,4.8372727025023
EN,DE,4.786119390427871
EN,GB,4.8372727025023
MI,GB,4.8372727025023
MI,US,4.740362689494244
EN,GB,4.8372727025023
SE,US,4.8372727025023
SE,GB,4.8372727025023
MI,US,4.740362689494244
MI,US,4.736810677436577
SE,ZA,4.832464203620092
SE,ZA,4.832464203620092
SE,ZA,4.832464203620092
EN,FR,4.778151250383644
EN,LT,4.778151250383644
SE,BR,4.732393759822968
SE,GB,4.829303772831025
MI,US,4.732393759822968
SE,US,4.829303772831025
MI,CA,4.732393759822968
EN,US,4.726727209026572
SE,US,4.726727209026572
MI,AT,4.7700268047235825
EN,US,4.724275869600789
SE,GB,4.821185882608845
MI,US,4.716837723299524
SE,GB,4.812913356642856
EN,FR,4.757980262833917
SE,CA,4.712169692552654
EN,US,4.711807229041191
EN,US,4.7107518348841255
MI,GB,4.806891904522298
MI,US,4.709057851334543
MI,US,4.709057851334543
EN,US,4.707570176097937
EN,US,4.707570176097937
MI,US,4.707570176097937
SE,GB,4.802342636569122
SE,US,4.705007959333336
EN,NL,4.748962861256161
EN,US,4.70070371714502
EN,US,4.698970004336019
MI,GB,4.698970004336019
MI,GB,4.795880017344075
EN,US,4.698970004336019
EN,US,4.698970004336019
MI,GB,4.795880017344075
SE,GB,4.795880017344075
EN,US,4.698970004336019
SE,GB,4.795880017344075
SE,GB,4.795880017344075
SE,FR,4.74472315193016
MI,GB,4.795880017344075
EN,FR,4.74472315193016
SE,GB,4.795880017344075
EN,GB,4.795880017344075
EX,GB,4.795880017344075
EN,US,4.698970004336019
MI,DE,4.74472315193016
EN,US,4.698970004336019
MI,US,4.69810054562339
MI,US,4.69810054562339
SE,GB,4.7915152119416256
EN,US,4.694183860572213
MI,GB,4.786076748435112
MI,US,4.68184701740422
MI,US,4.681241237375588
SE,UA,4.681241237375588
EN,US,4.681241237375588
MI,GB,4.778151250383644
SE,GB,4.778151250383644
SE,LT,4.726996013587268
EN,US,4.679791170980354
EN,US,4.679791170980354
EN,US,4.679791170980354
EN,US,4.679791170980354
MI,US,4.678518379040114
EN,US,4.676693609624866
MI,US,4.676693609624866
MI,US,4.676693609624866
EN,US,4.676693609624866
EN,US,4.676693609624866
MI,US,4.676693609624866
SE,GB,4.770984488056502
MI,GB,4.761574548730516
EN,US,4.663512470415156
EN,US,4.661812685537261
EN,US,4.65991620006985
EN,US,4.65991620006985
EN,LT,4.7047166187864375
SE,GB,4.7558748556724915
SE,ZA,4.755730066712356
SE,ZA,4.755730066712356
EN,US,4.657055852857104
EN,US,4.657055852857104
SE,GB,4.7501225267834
SE,GB,4.7501225267834
MI,GB,4.7501225267834
SE,GB,4.7501225267834
SE,GB,4.7501225267834
SE,GB,4.7501225267834
SE,GB,4.7501225267834
EN,GB,4.7501225267834
EN,GB,4.7501225267834
SE,LV,4.6931375262432065
MI,ZA,4.742944971593828
EN,MT,4.644438589467838
MI,US,4.643452676486188
MI,GB,4.736651426038839
MI,AT,4.679218876172545
EN,US,4.630427875025024
MI,GB,4.725364337774282
MI,US,4.627365856592733
SE,GB,4.722683271375625
SE,LT,4.669000576707375
SE,PH,4.623249290397901
MI,GB,4.720159303405957
EN,US,4.617199609291268
EN,US,4.617199609291268
EN,US,4.617199609291268
MI,GB,4.711351613394664
MI,US,4.710802552446008
MI,GB,4.709973423011079
EN,US,4.605305046141109
EN,LT,4.648896448003931
EN,BR,4.6020599913279625
SE,AE,4.6020599913279625
SE,GB,4.698970004336019
SE,GB,4.698970004336019
MI,GB,4.698970004336019
EN,US,4.6020599913279625
SE,GB,4.698970004336019
MI,GB,4.698970004336019
SE,GB,4.698970004336019
SE,GB,4.698970004336019
MI,GB,4.698970004336019
MI,GB,4.698970004336019
EN,IT,4.647813138922103
SE,GB,4.698970004336019
SE,GB,4.698970004336019
SE,GB,4.698970004336019
EN,GB,4.698970004336019
EN,GB,4.698970004336019
MI,GB,4.698970004336019
EN,GB,4.698970004336019
MI,LV,4.646070279683538
EN,LT,4.643452676486188
MI,LV,4.630081929023911
MI,GB,4.679881942112862
SE,GB,4.676693609624866
MI,ES,4.6255388014110395
SE,ES,4.6255388014110395
MI,LV,4.619093330626742
MI,GB,4.6674529528899535
EN,US,4.569607967546824
MI,GB,4.665111737075051
MI,GB,4.660628352973734
EN,GB,4.659202877464531
EN,EE,4.6020599913279625
EN,EE,4.6020599913279625
MI,GB,4.640978057358332
MI,PT,4.589815608066486
MI,GB,4.640978057358332
EN,GB,4.640978057358332
MI,US,4.640232913654969
MI,GB,4.639765304463499
EN,GB,4.628388930050312
SE,ZA,4.627949303784871
EN,LT,4.572092890303906
EN,GB,4.620656479819621
MI,LV,4.556302500767287
MI,ZA,4.593784333419319
SE,LV,4.539903732681851
EN,BR,4.477121254719663
EN,US,4.477121254719663
EN,GB,4.477121254719663
MI,BA,4.477121254719663
MI,FR,4.522874402313803
EN,GB,4.574031267727719
EN,LT,4.493973600274668
MI,ZA,4.543732887887258
MI,GB,4.528273777167044
EN,TR,4.431363764158987
EN,IN,4.431363764158987
EN,GB,4.525044807036846
EN,GB,4.525044807036846
EN,GB,4.525044807036846
EN,GB,4.525044807036846
EN,GB,4.525044807036846
EN,GB,4.525044807036846
MI,PT,4.46071747541877
EN,ES,4.46071747541877
EN,RO,4.414973347970818
MI,ZA,4.507545550509421
SE,US,4.3979400086720375
SE,GB,4.494850021680094
MI,GB,4.477121254719663
EN,GB,4.458637849025649
EN,GB,4.458637849025649
EN,GB,4.458637849025649
EN,GB,4.458637849025649
SE,PH,4.334453751150931
EN,ES,4.3679705810433935
EN,MX,4.2455126678141495
EN,MX,4.245463313364196
EN,DE,4.221831377489635